2017-03-01T20:48:09.159Z,GJECK,DH8D,MEDIUM,EGPF,,,2017-02-28T18:47:00Z,,RECEIVED,BEE,EGBB,,2017-02-28T17:25:00Z,,,,db0a89a1-b2f9-45a2-bb0d-a2e2d788c490,RECEIVED,BEE8SK,,,,,,,,,,,,,IFR,N0317F230 TNT/N0318F240 N57 POL N601 RIBEL,PLANNED
2017-03-01T20:54:49.965Z,GJECI,DH8D,MEDIUM,EGCC,,,2017-03-01T00:19:15Z,,DERIVED,BEE,EGHI,,,2017-02-28T22:04:15Z,,,9874a3d1-14aa-4989-a1ac-dca49137ef1a,RECEIVED,BEE873,,,,,,,,,,,,,,,AIRBORNE
2017-03-01T20:50:31.566Z,GPRPF,DH8D,MEDIUM,EGBB,,,2017-03-01T00:06:00Z,,DERIVED,BEE,EGPH,,,2017-02-28T21:40:00Z,,,4e96186d-165d-4fbc-b1bf-33dbfa2cae9a,RECEIVED,BEE852,,,,,,,,,,,,238,,,AIRBORNE
2017-03-01T22:42:26.708Z,,E190,MEDIUM,,EGFF,,2017-03-01T08:40:00Z,2017-03-01T08:40:00Z,DERIVED,BEE,,EGPH,,,2017-03-01T07:45:00Z,2017-03-01T07:45:00Z,bf02204b-4d5a-4af8-b230-03c57cba3f62,,,DERIVED,BE4502,,,,,,,,,,219,,,SCHEDULED
2017-03-01T20:50:29.344Z,GFBEM,E190,MEDIUM,EGFF,,,2017-02-28T21:28:00Z,,RECEIVED,BEE,EIDW,,2017-02-28T20:35:00Z,,,,32a3b689-8dee-4df7-88db-d4d4246cae17,RECEIVED,BEE8DT,,,,,,,,,,,,,IFR,N0335F210 PESIT5G PESIT L149 BAKUR N546 STU,PLANNED
2017-03-01T23:26:36.234Z,,DH8D,MEDIUM,,EGPH,,2017-03-01T13:50:00Z,2017-03-01T13:50:00Z,DERIVED,BEE,,EGBB,,,2017-03-01T12:55:00Z,2017-03-01T12:55:00Z,6fe259be-43de-4324-bd51-3e51e481b527,,,DERIVED,BE847,,,,,,,,,,238,,,SCHEDULED
2017-03-01T22:42:29.253Z,,DH8D,MEDIUM,,EGAC,,2017-03-01T11:12:30Z,,DERIVED,BEE,,EGPF,,,2017-03-01T10:42:30Z,,6a71ef4f-88dc-468d-b9ff-edada32bbbc6,,,DERIVED,BE125,,,,,,,,,,181,,,SCHEDULED
2017-03-01T22:42:32.100Z,,DH8D,MEDIUM,,EGPF,,2017-03-01T18:30:00Z,2017-03-01T18:30:00Z,DERIVED,BEE,,EGBB,,,2017-03-01T17:35:00Z,2017-03-01T17:35:00Z,81412b17-5890-4555-8651-173c25c10ad1,,,DERIVED,BE792,,,,,,,,,,247,,,SCHEDULED
2017-03-01T20:50:41.585Z,GJEDM,DH8D,MEDIUM,EGNX,,,2017-02-28T16:46:00Z,,RECEIVED,BEE,EGJJ,,2017-02-28T15:25:00Z,,,,e1672248-83c9-44ff-a87e-99a2c0b3e049,RECEIVED,BEE2PU,,,,,,,,,,,,,IFR,N0307F170 ORTAC Q41 WCO/N0301F160 DCT DTY/N0296F150,PLANNED
2017-03-01T23:11:15.312Z,,DH8D,MEDIUM,,EGBB,,2017-03-01T17:50:00Z,2017-03-01T17:50:00Z,DERIVED,BEE,,EDDL,,,2017-03-01T16:30:00Z,2017-03-01T16:30:00Z,6637ae87-f80d-426d-9c61-153135fe915f,,,DERIVED,BE7046,,,,,,,,,,243,,,SCHEDULED
2017-03-01T23:19:27.166Z,,DH8D,MEDIUM,,EGPH,,2017-03-01T16:50:00Z,2017-03-01T16:50:00Z,DERIVED,BEE,,EGHI,,,2017-03-01T15:40:00Z,2017-03-01T15:40:00Z,7e0c4b54-6b8f-466e-b629-915978425b46,,,DERIVED,BE769,,,,,,,,,,265,,,SCHEDULED
2017-03-01T23:38:13.802Z,GFBJH,E170,MEDIUM,LFPG,,,2017-03-01T12:56:00Z,,RECEIVED,BEE,EGCC,,2017-03-01T11:35:00Z,,,,07fc61a3-e031-437f-b71c-088c1b371e36,RECEIVED,BEE439N,,,,,,,,,,,,,IFR,N0409F330 SANBA N859 HON UL612 WOD UM605 SFD/N0361F250 UM605 BIBAX/N0300F130,PLANNED
2017-03-01T22:00:03.998Z,GECOM,DH8D,MEDIUM,EGJJ,,,2017-02-28T16:33:00Z,,RECEIVED,BEE,EGHI,,2017-02-28T15:40:00Z,,,,babd792d-4580-4569-91f8-7ff422bef1db,RECEIVED,BEE9KR,,,,,,,,,,,,,IFR,N0302F160 DCT SAM Q41 ORTAC,PLANNED
2017-03-01T22:42:35.414Z,,DH8D,MEDIUM,,EGFF,,2017-03-01T18:30:00Z,2017-03-01T18:30:00Z,DERIVED,BEE,,EGLC,,,2017-03-01T17:50:00Z,2017-03-01T17:50:00Z,7c9fc859-88b2-410b-9230-1f8d74789787,,,DERIVED,BE1326,,,,,,,,,,192,,,SCHEDULED
2017-03-01T23:38:03.331Z,,E190,MEDIUM,,EGTE,,2017-03-01T13:00:00Z,2017-03-01T13:00:00Z,DERIVED,BEE,,LEAL,,,2017-03-01T10:50:00Z,2017-03-01T10:50:00Z,8fe99ede-4ea5-4b5c-8cb0-e3df05a9df97,,,DERIVED,BE4322,,,,,,,,,,351,,,SCHEDULED
2017-03-01T20:48:59.176Z,GECOF,DH8D,MEDIUM,EGPF,,,2017-02-28T22:00:00Z,,RECEIVED,BEE,EGHI,,2017-02-28T20:15:00Z,,,,fc0d6747-62b9-48d2-9964-962463731b42,RECEIVED,BEE9VK,,,,,,,,,,,,,IFR,N0254F070 DCT NORRY/N0285F110 Q41 WCO/N0307F160 DCT DTY DCT SAPCO/N0314F240 N57 POL N601 RIBEL,PLANNED
2017-03-01T21:09:54.882Z,,,,,,,,,DERIVED,BEE,,,,,,,4e96186d-165d-4fbc-b1bf-33dbfa2cae9a,RECEIVED,BEE852,,,,,178,52.45386,-1.74803,,2017-02-28T22:11:02Z,ESTIMATED,,,,,AIRBORNE
2017-03-01T21:59:57.945Z,N949BW,,,,,,,,DERIVED,BEE,,,,,,,e58016e6-fa1a-43b3-853e-806472029b12,DERIVED,BEE850,,,1222,3400,229,64.47895,-165.61649,162,2017-03-01T00:29:05Z,ADSB,,,,,AIRBORNE
2017-03-01T23:10:59.509Z,EIREM,,,,,,,,DERIVED,BEE,,,,2016-01-11T15:44:58Z,,,f2aa862e-aedf-4a32-8b16-f0043cd7a2e1,RECEIVED,BEE3VH,,,,,,,,,,,,0,,,AIRBORNE
2017-03-01T22:00:28.734Z,,,,,,,,,DERIVED,BEE,,,,,,,4e96186d-165d-4fbc-b1bf-33dbfa2cae9a,RECEIVED,BEE852,,,,,178,52.45386,-1.74803,,2017-02-28T22:54:01Z,ESTIMATED,,,,,AIRBORNE
2017-03-01T23:20:51.883Z,,DH8D,MEDIUM,,EGHI,,2017-03-01T15:45:00Z,2017-03-01T15:45:00Z,DERIVED,BEE,,EGPF,,,2017-03-01T14:35:00Z,2017-03-01T14:35:00Z,5496fe06-73ce-41b4-b092-4421de53af7c,,,DERIVED,BE891,,,,,,,,,,271,,,SCHEDULED
2017-03-01T22:00:12.344Z,,DH8D,MEDIUM,,EGAC,,2017-03-01T16:17:30Z,,DERIVED,BEE,,EGPF,,,2017-03-01T15:47:30Z,,c6c71b33-73d8-4220-8568-6a5e64bc95a5,,,DERIVED,BE131,,,,,,,,,,181,,,SCHEDULED
2017-03-01T22:42:36.763Z,GPRPI,DH8D,MEDIUM,EGAC,,,2017-02-28T10:13:00Z,,RECEIVED,BEE,EGCC,,2017-02-28T09:05:00Z,,,,42b34321-f095-4a87-a397-e52f18847095,RECEIVED,BEE5AD,,,,,,,,,,,,,IFR,N0315F200 ASMIM L975 WAL L10 IOM DCT NELBO DCT MAGEE DCT,PLANNED
2017-03-01T23:38:22.614Z,,DH8D,MEDIUM,,EGTE,,2017-03-01T09:32:30Z,,DERIVED,BEE,,EGJJ,,,2017-03-01T09:02:30Z,,4cefd778-59f5-49a4-a1bc-a9671afa8334,,,DERIVED,BE302,,,,,,,,,,138,,,SCHEDULED
2017-03-01T21:59:19.830Z,,DH8D,MEDIUM,,EGAC,,2017-03-01T19:42:30Z,,DERIVED,BEE,,EGPF,,,2017-03-01T19:12:30Z,,8fb6b1f4-806f-44c2-974b-3bb70b82f82c,,,DERIVED,BE135,,,,,,,,,,181,,,SCHEDULED
2017-03-01T20:52:55.327Z,EIREM,,,,,,,,DERIVED,BEE,EGCC,,,2017-02-28T21:59:39Z,,,ea555753-e5f3-4663-807c-f1de6a11255e,RECEIVED,BEE3PM,,,,,,,,,,,,0,,,AIRBORNE
2017-03-01T20:49:23.887Z,GFBJG,E170,MEDIUM,LFLL,,,2017-02-28T12:16:00Z,,RECEIVED,BEE,EGBB,,2017-02-28T10:40:00Z,,,,bd2ccb6d-76a3-4e86-b8ca-7c7a18b82318,RECEIVED,BEE672J,,,,,,,,,,,,,IFR,N0398F310 ADMEX Y321 EMKUK UL612 WOD/N0416F330 UL612 MID/N0434F350 UL612 OKEKO/N0369F270 UL612 OKIRA/N0335F210 UL612 MOU/N0314F170,PLANNED
2017-03-01T20:49:34.752Z,GFBJJ,E170,MEDIUM,EGBB,,,2017-02-28T22:09:00Z,,RECEIVED,BEE,EGPF,,2017-02-28T21:05:00Z,,,,93205f30-83ba-4935-affe-1d6a933d0a00,RECEIVED,BEE8ZB,,,,,,,,,,,,,IFR,N0349F240 NORBO/N0342F230 T256 DCS/N0367F270 UL612 CROFT/N0324F190,PLANNED
2017-03-01T20:49:28.378Z,GPRPF,DH8D,MEDIUM,EGBB,,,2017-02-28T11:56:00Z,,RECEIVED,BEE,EGJB,,2017-02-28T10:40:00Z,,,,7313326b-103d-4bda-9c00-66104c3cb1e7,RECEIVED,BEE8WB,,,,,,,,,,,,,IFR,N0309F170 ORTAC Q41 WCO/N0303F160 DCT,PLANNED
2017-03-01T21:59:50.948Z,,,,EGCC,,,,,DERIVED,BEE,EGPD,,,,,,2bbc212c-3967-4d32-9281-46d0ef617dff,RECEIVED,BEE1044,,,,,,,,,,,,,,,CANCELLED
2017-03-01T22:22:19.747Z,,DH8D,MEDIUM,,EHAM,,2017-03-01T11:45:00Z,2017-03-01T11:45:00Z,DERIVED,BEE,,EGTE,,,2017-03-01T10:30:00Z,2017-03-01T10:30:00Z,458ca3cf-a6a0-4758-b42b-35099bb5c6fb,,,DERIVED,BE1533,,,,,,,,,,256,,,SCHEDULED
2017-03-01T23:51:20.444Z,GECOA,DH8D,MEDIUM,EGBB,,,2017-03-01T14:48:00Z,,RECEIVED,BEE,EGPE,,2017-03-01T13:10:00Z,,,,8b677a76-40c4-41b9-89d5-1e876694c13b,RECEIVED,BEE7LW,,,,,,,,,,,,,IFR,N0316F220 DCT GUSSI DCT NESDI N560 GOW/N0315F230 L612 CALDA/N0311F170 L612 CROFT,PLANNED
2017-03-01T23:11:23.021Z,,DH8D,MEDIUM,,EGPF,,2017-03-01T07:17:30Z,,DERIVED,BEE,,EGAC,,,2017-03-01T06:47:30Z,,c3aef870-9bcf-4074-8680-b832b01cfa55,,,DERIVED,BE120,,,,,,,,,,121,,,SCHEDULED
2017-03-01T21:59:50.353Z,,DH8D,MEDIUM,,EGAC,,2017-03-01T19:45:50Z,,DERIVED,BEE,,EGPH,,,2017-03-01T19:09:10Z,,a2673b9a-2046-4283-bdca-a3ca9b70268d,,,DERIVED,BE693,,,,,,,,,,192,,,SCHEDULED
2017-03-01T20:48:32.824Z,GPRPD,DH8D,MEDIUM,EGPH,,,2017-02-28T21:38:00Z,,RECEIVED,BEE,EGCC,,2017-02-28T20:30:00Z,,,,1696a32c-1f74-437f-b6a1-b1012e90eaa8,RECEIVED,BEE8DP,,,,,,,,,,,,,IFR,N0314F210 POL/N0314F220 N601 ESKDO,PLANNED
2017-03-01T21:59:42.897Z,GECOM,DH8D,MEDIUM,EGHI,,,2017-02-28T18:06:00Z,,RECEIVED,BEE,EGJJ,,2017-02-28T17:10:00Z,,,,8fe5148e-7a6a-4b9b-958b-eba8c1497406,RECEIVED,BEE4AB,,,,,,,,,,,,,IFR,N0310F170 ORTAC Q41 ASPEN/N0254F070 Q41 THRED,PLANNED
2017-03-01T20:48:30.592Z,GPRPA,DH8D,MEDIUM,,EGTE,,2017-02-28T21:25:00Z,,DERIVED,BEE,,EGCC,,,2017-02-28T20:40:00Z,,3daf4728-24f9-465e-980c-917a0dcfed92,RECEIVED,BEE2DB,,,,,,,,,,,,218,,,PLANNED
2017-03-01T20:48:31.227Z,GPRPA,DH8D,MEDIUM,EGTE,,,2017-02-28T22:51:50Z,,DERIVED,BEE,EGCC,,,2017-02-28T22:06:50Z,,,3daf4728-24f9-465e-980c-917a0dcfed92,RECEIVED,BEE2DB,,,,,,,,,,,,,,,AIRBORNE
2017-03-01T21:58:43.355Z,,DH8D,MEDIUM,,EGFF,,2017-03-01T10:35:00Z,2017-03-01T10:35:00Z,DERIVED,BEE,,EGLC,,,2017-03-01T09:55:00Z,2017-03-01T09:55:00Z,9b247cbb-0858-472f-918f-1074f1559988,,,DERIVED,BE1324,,,,,,,,,,192,,,SCHEDULED
2017-03-01T23:01:30.782Z,,DH8D,MEDIUM,,EGJJ,,2017-03-01T16:17:30Z,,DERIVED,BEE,,EGHI,,,2017-03-01T15:47:30Z,,dfd70a28-37ce-466a-8fd0-bda8ff40f703,,,DERIVED,BE245,,,,,,,,,,219,,,SCHEDULED
2017-03-01T23:10:28.779Z,,E170,MEDIUM,,EGBB,,2017-03-01T09:55:00Z,2017-03-01T09:55:00Z,DERIVED,BEE,,EHAM,,,2017-03-01T08:55:00Z,2017-03-01T08:55:00Z,81962665-7d14-4180-b84d-c635c5bc0467,,,DERIVED,BE102,,,,,,,,,,179,,,SCHEDULED
2017-03-01T22:00:13.251Z,GJECI,DH8D,MEDIUM,EGCC,,,2017-02-28T22:43:00Z,,DERIVED,BEE,EGHI,,,2017-02-28T22:03:00Z,,,9874a3d1-14aa-4989-a1ac-dca49137ef1a,RECEIVED,BEE1MA,,,,,,,,,,,,198,,,COMPLETED
2017-03-01T22:41:26.327Z,,DH8D,MEDIUM,,EGNT,,2017-03-01T19:40:00Z,2017-03-01T19:40:00Z,DERIVED,BEE,,EGTE,,,2017-03-01T18:45:00Z,2017-03-01T18:45:00Z,ccab1636-b99f-4bf6-9684-4c6f97d96371,,,DERIVED,BE707,,,,,,,,,,290,,,SCHEDULED
2017-03-01T22:01:06.006Z,GKKEV,DH8D,MEDIUM,EIDW,,,2017-02-28T08:26:00Z,,RECEIVED,BEE,EGHI,,2017-02-28T06:50:00Z,,,,783b19d0-866b-473d-b904-4e9fdf0f2db5,RECEIVED,BEE5RE,,,,,,,,,,,,,IFR,N0295F130 DCT TABEN/N0299F140 DCT KENET/N0313F240 L9 MALBY/N0314F240 L9 BCN DCT MEDOG DCT LANON L18 ABLIN ABLIN1L,PLANNED
2017-03-01T20:49:48.331Z,GECOB,DH8D,MEDIUM,EGHI,,,2017-02-28T20:00:00Z,,RECEIVED,BEE,EGPH,,2017-02-28T18:25:00Z,,,,42b0d5bb-ab08-4930-89fa-037d1e1c140f,RECEIVED,BEE15KL,,,,,,,,,,,,,IFR,N0320F250 TLA N864 DCS UN864 SUBUK DCT KEPAD UL151 TELBA/N0261F200 L151 PEPUL,PLANNED
2017-03-01T23:26:02.209Z,,E170,MEDIUM,,EGPD,,2017-03-01T20:05:00Z,2017-03-01T20:05:00Z,DERIVED,BEE,,EGCC,,,2017-03-01T19:10:00Z,2017-03-01T19:10:00Z,3dafd0af-bab3-494a-8245-0ec72992bb48,,,DERIVED,BE1045,,,,,,,,,,252,,,SCHEDULED
2017-03-01T21:59:21.624Z,,,,,,,,,DERIVED,BEE,,,,,,,4e96186d-165d-4fbc-b1bf-33dbfa2cae9a,RECEIVED,BEE852,,,,,178,52.45386,-1.74803,,2017-03-01T00:15:02Z,ESTIMATED,,,,,AIRBORNE
2017-03-01T20:48:57.704Z,GJEDV,DH8D,MEDIUM,EGNX,,,2017-02-28T08:24:00Z,,RECEIVED,BEE,EGAC,,2017-02-28T07:15:00Z,,,,e05259ea-27f0-45ce-8e19-7dcf026eff76,RECEIVED,BEE9EN,,,,,,,,,,,,,IFR,N0316F230 DCT DUFFY L15 AMPIT/N0315F190,PLANNED
2017-03-01T20:49:24.585Z,GFBEG,E190,MEDIUM,EGKK,,,2017-02-28T08:25:00Z,,RECEIVED,BEE,EGHQ,,2017-02-28T07:25:00Z,,,,2a1ef660-3374-4801-9381-faaa670e5b32,RECEIVED,BEE5BP,,,,,,,,,,,,,IFR,N0365F270 DCT DAWLY UL620 GIBSO DCT BILNI,PLANNED
2017-03-01T23:20:34.589Z,GPRPL,DH8D,MEDIUM,EGHI,,,2017-03-01T08:20:00Z,,RECEIVED,BEE,EGPH,,2017-03-01T06:45:00Z,,,,064ef9cb-a908-4dde-939d-780b80a8cab8,RECEIVED,BEE3RL,,,,,,,,,,,,,IFR,N0315F250 TLA N864 DCS UN864 SUBUK DCT KEPAD UL151 TELBA/N0261F200 L151 PEPUL,PLANNED
2017-03-01T22:41:41.726Z,,DH8D,MEDIUM,,EGLC,,2017-03-01T16:35:00Z,2017-03-01T16:35:00Z,DERIVED,BEE,,EGPH,,,2017-03-01T15:05:00Z,2017-03-01T15:05:00Z,00a21192-f750-4066-8411-33ee060d2ade,,,DERIVED,BE1339,,,,,,,,,,196,,,SCHEDULED
2017-03-01T22:41:42.745Z,,DH8D,MEDIUM,,EGPF,,2017-03-01T18:05:00Z,2017-03-01T18:05:00Z,DERIVED,BEE,,EGHI,,,2017-03-01T16:50:00Z,2017-03-01T16:50:00Z,28cdd6e7-9c9e-4705-aabc-e6bd46174698,,,DERIVED,BE892,,,,,,,,,,253,,,SCHEDULED
2017-03-01T21:08:16.148Z,GJECJ,DH8D,MEDIUM,EGPF,,,2017-02-28T18:07:00Z,,RECEIVED,BEE,EGNX,,2017-02-28T16:50:00Z,,,,9d66b759-76c0-4421-a266-4980bfffced3,RECEIVED,BEE8MU,,,,,,,,,,,,,IFR,N0316F240 TNT N57 POL N601 RIBEL,PLANNED
2017-03-01T21:59:31.632Z,,E190,MEDIUM,,EGFF,,2017-03-01T12:45:00Z,2017-03-01T12:45:00Z,DERIVED,BEE,,LFPG,,,2017-03-01T11:45:00Z,2017-03-01T11:45:00Z,cfd9e6b4-42e8-43be-8d55-4d54935e8bae,,,DERIVED,BE4566,,,,,,,,,,268,,,SCHEDULED
2017-03-01T21:59:02.720Z,N949BW,BE20,,,,,,,DERIVED,BEE,PAOM,,,2017-03-01T00:27:40Z,,,e58016e6-fa1a-43b3-853e-806472029b12,DERIVED,BEE850,,,,,,,,,,,,0,,,AIRBORNE
2017-03-01T23:51:08.915Z,GPRPF,DH8D,MEDIUM,EGBB,,,2017-03-01T01:12:00Z,,RECEIVED,BEE,EGPH,,2017-02-28T23:55:00Z,,,,79fc3576-813c-46c4-a495-3822603f5afb,RECEIVED,BEE5HL,,,,,,,,,,,,,IFR,N0319F250 TLA N864 DCS UL612 CROFT/N0288F190,PLANNED
2017-03-01T21:59:14.436Z,GFBJF,E170,MEDIUM,EGCN,,,2017-02-28T14:23:00Z,,RECEIVED,BEE,EHAM,,2017-02-28T13:15:00Z,,,,81e278bd-1662-499c-bbc0-1f3e6073ad2c,RECEIVED,BEE5PU,,,,,,,,,,,,,IFR,N0372F280 BERGI L602 AMGOD UL602 SUPUR UL60 OTBED Y70 VEGUS DCT,PLANNED
2017-03-01T23:20:29.199Z,,DH8D,MEDIUM,,EGPH,,2017-03-01T18:35:00Z,2017-03-01T18:35:00Z,DERIVED,BEE,,EGLC,,,2017-03-01T17:25:00Z,2017-03-01T17:25:00Z,b752b6c9-f417-425d-be86-4a385854a58e,,,DERIVED,BE1340,,,,,,,,,,252,,,SCHEDULED
2017-03-01T21:08:08.694Z,GFBJH,E170,MEDIUM,EGPD,,,2017-02-28T20:08:00Z,,RECEIVED,BEE,EGCC,,2017-02-28T19:00:00Z,,,,20bc2a02-4898-44f0-b7c4-51641c7aece9,RECEIVED,BEE19EP,,,,,,,,,,,,,IFR,N0405F320 POL UN601 TLA DCT GRICE/N0342F230 P600 ASNUD/N0341F230 P600 ADN DCT,PLANNED
2017-03-01T23:20:18.049Z,,DH8D,MEDIUM,,EGCC,,2017-03-01T07:55:00Z,2017-03-01T07:55:00Z,DERIVED,BEE,,EGTE,,,2017-03-01T07:05:00Z,2017-03-01T07:05:00Z,e078dcb7-a791-4b5c-b0dc-24626884d76c,,,DERIVED,BE371,,,,,,,,,,140,,,SCHEDULED
2017-03-01T23:00:17.834Z,,E170,MEDIUM,,EGFF,,2017-03-01T18:20:00Z,2017-03-01T18:20:00Z,DERIVED,BEE,,LIMC,,,2017-03-01T16:35:00Z,2017-03-01T16:35:00Z,6684d6e4-d00c-44e1-ac97-ceccce0b60d7,,,DERIVED,BE4544,,,,,,,,,,339,,,SCHEDULED
2017-03-01T20:47:25.464Z,GFLBB,DH8D,MEDIUM,EGHI,,,2017-02-28T21:32:00Z,,RECEIVED,BEE,EDDL,,2017-02-28T19:40:00Z,,,,f651dbb4-72c0-4eb5-8712-20e3ed5a0dab,RECEIVED,BEE3FH,,,,,,,,,,,,,IFR,N0312F240 SONEB4J SONEB UP64 TENLI UL980 XAMAN L980 TRIPO DCT UMBUR/N0275F160,PLANNED
2017-03-01T22:00:17.301Z,,DH8D,MEDIUM,,EGAC,,2017-03-01T08:15:00Z,2017-03-01T08:15:00Z,DERIVED,BEE,,EGHI,,,2017-03-01T07:10:00Z,2017-03-01T07:10:00Z,8d9347f0-43af-42f8-b51b-f86d22b9f797,,,DERIVED,BE980,,,,,,,,,,194,,,SCHEDULED
2017-03-01T23:25:16.753Z,,E190,MEDIUM,,EGHQ,,2017-03-01T10:25:00Z,2017-03-01T10:25:00Z,DERIVED,BEE,,EGKK,,,2017-03-01T09:35:00Z,2017-03-01T09:35:00Z,37915d8c-8da2-453a-bd3c-130c0775e182,,,DERIVED,BE802,,,,,,,,,,226,,,SCHEDULED
2017-03-01T20:51:45.423Z,GFBEM,E190,MEDIUM,EGFF,,,2017-02-28T12:53:00Z,,RECEIVED,BEE,LFPG,,2017-02-28T11:35:00Z,,,,ead91d03-b095-4278-b232-c3b11baf38df,RECEIVED,BEE4UE,,,,,,,,,,,,,IFR,N0372F280 OPALE/N0390F300 UT421 BIG UL9 CPT/N0306F160,PLANNED
2017-03-01T22:22:08.877Z,,E190,MEDIUM,,EDDT,,2017-03-01T12:10:00Z,2017-03-01T12:10:00Z,DERIVED,BEE,,EGFF,,,2017-03-01T10:30:00Z,2017-03-01T10:30:00Z,faca68ae-c42c-4edc-bd0f-f91d68269860,,,DERIVED,BE4551,,,,,,,,,,371,,,SCHEDULED
2017-03-01T22:41:53.312Z,,DH8D,MEDIUM,,EGPF,,2017-03-01T09:45:00Z,2017-03-01T09:45:00Z,DERIVED,BEE,,EGNX,,,2017-03-01T08:55:00Z,2017-03-01T08:55:00Z,22925bcf-1f33-42bc-8321-544cf2e402d4,,,DERIVED,BE552,,,,,,,,,,256,,,SCHEDULED
2017-03-01T22:29:44.980Z,,,,,,,,,DERIVED,BEE,,,,,,,4e96186d-165d-4fbc-b1bf-33dbfa2cae9a,RECEIVED,BEE852,,,,,178,52.45386,-1.74803,,2017-02-28T23:50:02Z,ESTIMATED,,,,,AIRBORNE
2017-03-01T22:55:57.063Z,,E170,MEDIUM,,EDDS,,2017-03-01T18:20:00Z,2017-03-01T18:20:00Z,DERIVED,BEE,,EGBB,,,2017-03-01T16:50:00Z,2017-03-01T16:50:00Z,fce25042-6fe1-4803-a2c6-a866f011c0d1,,,DERIVED,BE7127,,,,,,,,,,317,,,SCHEDULED
2017-03-01T20:49:05.901Z,,,,,,,,,DERIVED,BEE,,,,,,,4e96186d-165d-4fbc-b1bf-33dbfa2cae9a,RECEIVED,BEE852,,,,,178,52.45386,-1.74803,,2017-02-28T22:26:01Z,ESTIMATED,,,,,AIRBORNE
2017-03-01T21:58:29.587Z,,,,,,,,,DERIVED,BEE,,,,,,,4e96186d-165d-4fbc-b1bf-33dbfa2cae9a,RECEIVED,BEE852,,,,,178,52.45386,-1.74803,,2017-03-01T00:14:02Z,ESTIMATED,,,,,AIRBORNE
2017-03-01T21:59:59.809Z,GJECL,DH8D,MEDIUM,EGHI,,,2017-02-28T22:30:00Z,,DERIVED,BEE,EGCC,,,2017-02-28T21:53:00Z,,,41e247fd-afad-4d88-ace8-7773ef0f76ca,RECEIVED,BEE7FA,,,,,,,,,,,,198,,,COMPLETED
2017-03-01T21:09:49.526Z,GFBEN,E190,MEDIUM,EGFF,,,2017-02-28T23:25:00Z,,DERIVED,BEE,EGPF,,,2017-02-28T22:54:00Z,,,d03cee09-578b-4cc0-86c1-c7cc9e29245e,RECEIVED,BEE4BF,,,,,,,,,,,,327,,,AIRBORNE
2017-03-01T22:00:09.146Z,GECOM,DH8D,MEDIUM,EGHI,,,2017-02-28T10:09:00Z,,RECEIVED,BEE,EIDW,,2017-02-28T08:45:00Z,,,,d95a0d8b-5f90-42f4-a7a9-649261c18a74,RECEIVED,BEE132K,,,,,,,,,,,,,IFR,N0321F250 ABIDO1H PESIT DCT BAKUR/N0317F230 N546 STU L9 KENET,PLANNED
2017-03-01T23:01:06.225Z,,DH8D,MEDIUM,,EGJJ,,2017-03-01T16:22:30Z,,DERIVED,BEE,,EGTE,,,2017-03-01T15:52:30Z,,387ffeb8-a974-4994-98f8-b0b363dba070,,,DERIVED,BE311,,,,,,,,,,207,,,SCHEDULED
2017-03-01T23:21:03.537Z,GFBJK,E170,MEDIUM,EGCC,,,2017-03-01T21:19:00Z,,RECEIVED,BEE,EGAC,,2017-03-01T20:25:00Z,,,,37f49cb2-b9ca-4c26-bc56-313f6c9f0c1e,RECEIVED,BEE6VC,,,,,,,,,,,,,IFR,N0342F230 DCT DUFFY DCT PEPOD L15 MAKUX,PLANNED
2017-03-01T20:55:20.452Z,GKKEV,DH8D,MEDIUM,LFPG,,,2017-02-28T11:45:00Z,,RECEIVED,BEE,EGHI,,2017-02-28T10:30:00Z,,,,142bdf7e-8529-49f8-bc6e-e8319a2c8aa4,RECEIVED,BEE914V,,,,,,,,,,,,,IFR,N0310F190 DCT SAM Y8 WAFFU M605 BIBAX/N0295F150,PLANNED
2017-03-01T22:00:06.118Z,,DH8D,MEDIUM,,EGAC,,2017-03-01T07:50:00Z,2017-03-01T07:50:00Z,DERIVED,BEE,,EGCC,,,2017-03-01T07:10:00Z,2017-03-01T07:10:00Z,9b8b36d3-d50c-46f4-88f5-f80b108e74a5,,,DERIVED,BE470,,,,,,,,,,148,,,SCHEDULED
2017-03-01T20:47:59.610Z,GFBJF,E170,MEDIUM,LEAL,,,2017-02-28T10:29:00Z,,RECEIVED,BEE,EGCN,,2017-02-28T07:45:00Z,,,,56a8dccf-526d-48d1-8e3c-9a7bc369f253,RECEIVED,BEE41DK,,,,,,,,,,,,,IFR,N0454F370 UPTON L975 BARTN UL612 HON UN859 BALAN UL152 MAKOX UN860 SAURA/N0417F310 UN860 VLC/N0327F180,PLANNED
2017-03-01T23:48:15.517Z,,DH8D,MEDIUM,,EGPD,,2017-03-01T17:15:00Z,2017-03-01T17:15:00Z,DERIVED,BEE,,EGBB,,,2017-03-01T16:10:00Z,2017-03-01T16:10:00Z,1a66d5a2-5163-463b-aae6-e69d455b6981,,,DERIVED,BE326,,,,,,,,,,264,,,SCHEDULED
2017-03-01T22:42:08.086Z,,DH8D,MEDIUM,,EGLC,,2017-03-01T09:20:09Z,2017-03-01T09:20:09Z,DERIVED,BEE,,EGPH,,,2017-03-01T07:20:00Z,2017-03-01T07:20:00Z,33a049eb-d3ff-4ed8-b304-8ba48a133aad,,,DERIVED,BE1331,,,,,,,,,,160,,,SCHEDULED
2017-03-01T20:48:11.348Z,GFBXD,,,EFTU,,,,,DERIVED,BEE,ESSA,,,,,,70fa49fa-20df-48a2-83c0-d1d0b4e640a3,RECEIVED,BEE4238,,,,,,,,,,,,,,,COMPLETED
2017-03-01T20:59:42.611Z,,,,,,,,,DERIVED,BEE,,,,,,,70fa49fa-20df-48a2-83c0-d1d0b4e640a3,RECEIVED,BEE4238,,,,,59,60.37172,21.77785,,2017-02-28T22:15:01Z,ESTIMATED,,,,,AIRBORNE
2017-03-01T20:56:02.637Z,,,,,,,,,DERIVED,BEE,,,,,,,4e96186d-165d-4fbc-b1bf-33dbfa2cae9a,RECEIVED,BEE852,,,,,178,52.45386,-1.74803,,2017-02-28T22:45:03Z,ESTIMATED,,,,,AIRBORNE
2017-03-01T21:59:05.958Z,GPRPF,DH8D,MEDIUM,EGBB,,,2017-03-01T00:06:00Z,,DERIVED,BEE,EGPH,,,2017-02-28T21:40:00Z,,,4e96186d-165d-4fbc-b1bf-33dbfa2cae9a,RECEIVED,BEE852,,,,,,,,,,,,238,,,AIRBORNE
2017-03-01T21:57:58.386Z,,DH8D,MEDIUM,,EGJJ,,2017-03-01T09:25:00Z,2017-03-01T09:25:00Z,DERIVED,BEE,,EGBB,,,2017-03-01T08:30:00Z,2017-03-01T08:30:00Z,4349752f-8a67-44fb-9962-cd5bf8080f1e,,,DERIVED,BE501,,,,,,,,,,214,,,SCHEDULED
2017-03-01T22:22:08.589Z,,DH8D,MEDIUM,,EGHI,,2017-03-01T18:20:00Z,2017-03-01T18:20:00Z,DERIVED,BEE,,EGPH,,,2017-03-01T17:05:00Z,2017-03-01T17:05:00Z,00817d45-e31e-42bc-9ccd-9db9efc69e70,,,DERIVED,BE770,,,,,,,,,,248,,,SCHEDULED
2017-03-01T21:59:07.914Z,,,,,,,,,DERIVED,BEE,,,,,,,4e96186d-165d-4fbc-b1bf-33dbfa2cae9a,RECEIVED,BEE852,,,,,178,52.45386,-1.74803,,2017-02-28T22:51:01Z,ESTIMATED,,,,,AIRBORNE
2017-03-01T20:55:18.277Z,GJECH,DH8D,MEDIUM,LIMC,,,2017-02-28T16:42:00Z,,RECEIVED,BEE,EDDV,,2017-02-28T14:20:00Z,,,,27235c4e-95c7-42ee-9741-8d3215c8b87c,RECEIVED,BEE57A,,,,,,,,,,,,,IFR,N0311F230 WRB1G WRB N850 TRA/N0308F170 N850 RIPUS/N0308F190 N850 GERSA/N0314F190 N850 DEGAD Z424 AKASU,PLANNED
2017-03-01T21:05:56.248Z,,,,,,,,,DERIVED,BEE,,,,,,,4e96186d-165d-4fbc-b1bf-33dbfa2cae9a,RECEIVED,BEE852,,,,,178,52.45386,-1.74803,,2017-02-28T22:13:00Z,ESTIMATED,,,,,AIRBORNE
2017-03-01T23:11:30.507Z,,E170,MEDIUM,,LFPG,,2017-03-01T07:40:00Z,2017-03-01T07:40:00Z,DERIVED,BEE,,EGCC,,,2017-03-01T06:20:00Z,2017-03-01T06:20:00Z,68ca22f9-3167-4396-8545-7b72091b5337,,,DERIVED,BE3121,,,,,,,,,,191,,,SCHEDULED
2017-03-01T22:42:21.568Z,,,,,,,,,DERIVED,BEE,,,,,,,4e96186d-165d-4fbc-b1bf-33dbfa2cae9a,RECEIVED,BEE852,,,,,178,52.45386,-1.74803,,2017-03-01T00:08:01Z,ESTIMATED,,,,,AIRBORNE
2017-03-01T22:42:21.663Z,,E190,MEDIUM,,EGFF,,2017-03-01T14:55:00Z,2017-03-01T14:55:00Z,DERIVED,BEE,,EDDT,,,2017-03-01T13:05:00Z,2017-03-01T13:05:00Z,7f482346-e1d9-4d32-a52f-475a6ea50e7d,,,DERIVED,BE4552,,,,,,,,,,337,,,SCHEDULED
2017-03-01T21:05:35.175Z,GFBJA,E170,MEDIUM,LFLL,,,2017-02-28T12:16:00Z,,RECEIVED,BEE,EGBB,,2017-02-28T10:40:00Z,,,,a49769d1-473f-44af-8865-79ef2034a1e1,RECEIVED,BEE672J,,,,,,,,,,,,,IFR,N0398F310 ADMEX Y321 EMKUK UL612 WOD/N0416F330 UL612 MID/N0434F350 UL612 OKEKO/N0369F270 UL612 OKIRA/N0335F210 UL612 MOU/N0314F170,PLANNED
2017-03-01T21:59:06.903Z,N949BW,BE20,,,,,,,DERIVED,BEE,,PAOM,,,2017-03-01T00:27:40Z,,e58016e6-fa1a-43b3-853e-806472029b12,DERIVED,BEE850,,,,,,,,,,,,0,,,PLANNED
2017-03-01T22:00:54.909Z,,,,,,,,,DERIVED,BEE,,,,,,,4e96186d-165d-4fbc-b1bf-33dbfa2cae9a,RECEIVED,BEE852,,,,,178,52.45386,-1.74803,,2017-02-28T22:55:03Z,ESTIMATED,,,,,AIRBORNE
2017-03-01T22:42:57.011Z,,DH8D,MEDIUM,,EGAC,,2017-03-01T21:05:00Z,2017-03-01T21:05:00Z,DERIVED,BEE,,EGNM,,,2017-03-01T20:25:00Z,2017-03-01T20:25:00Z,cf06ac35-22f8-4ce4-b6f3-243f9760b27b,,,DERIVED,BE738,,,,,,,,,,232,,,SCHEDULED
2017-03-01T23:20:10.149Z,GJEDU,DH8D,MEDIUM,EGTE,,,2017-03-01T17:56:00Z,,RECEIVED,BEE,EGCC,,2017-03-01T16:45:00Z,,,,92b90b90-4e48-448e-8cfc-94ad34c4320a,RECEIVED,BEE6TA,,,,,,,,,,,,,IFR,N0316F210 ASMIM P16 NOKIN N862 RETSI/N0295F160 N862 RILES L180 DIKAS N864 EXMOR DCT TIVER DCT,PLANNED
2017-03-01T23:20:23.693Z,GFBJJ,E170,MEDIUM,EGBB,,,2017-03-01T10:05:00Z,,RECEIVED,BEE,EGPH,,2017-03-01T09:00:00Z,,,,54b0564a-2496-4946-bd3d-f8b2d14ed145,RECEIVED,BEE2FD,,,,,,,,,,,,,IFR,N0364F260 GOSAM P600 FENIK/N0369F270 UL612 CROFT/N0328F190,PLANNED
2017-03-01T21:58:56.255Z,GECOM,DH8D,MEDIUM,EIDW,,,2017-02-28T08:26:00Z,,RECEIVED,BEE,EGHI,,2017-02-28T06:50:00Z,,,,783b19d0-866b-473d-b904-4e9fdf0f2db5,RECEIVED,BEE5RE,,,,,,,,,,,,,IFR,N0295F130 DCT TABEN/N0299F140 DCT KENET/N0313F240 L9 MALBY/N0314F240 L9 BCN DCT MEDOG DCT LANON L18 ABLIN ABLIN1L,PLANNED
2017-03-01T23:20:19.825Z,,DH8D,MEDIUM,,EIDW,,2017-03-01T11:20:00Z,2017-03-01T11:20:00Z,DERIVED,BEE,,EGHI,,,2017-03-01T10:20:00Z,2017-03-01T10:20:00Z,7963dd0a-3f6b-4fbe-8eae-f4363ffa46ac,,,DERIVED,BE383,,,,,,,,,,234,,,SCHEDULED
2017-03-01T21:06:42.636Z,GFBJH,E170,MEDIUM,EGCC,,,2017-02-28T22:52:54Z,,DERIVED,BEE,EGPD,,,2017-02-28T22:03:54Z,,,144c9623-e39b-4c47-825a-270f874a180a,RECEIVED,BEE1046,,,,,,,,,,,,,,,AIRBORNE
2017-03-01T20:54:41.695Z,GPRPA,DH8D,MEDIUM,EGTE,,,2017-02-28T22:44:00Z,,DERIVED,BEE,EGCC,,,2017-02-28T22:04:00Z,,,3daf4728-24f9-465e-980c-917a0dcfed92,RECEIVED,BEE2DB,,,,,,,,,,,,218,,,AIRBORNE
2017-03-01T21:57:57.788Z,,DH8D,MEDIUM,,EGJJ,,2017-03-01T14:57:30Z,,DERIVED,BEE,,EGHI,,,2017-03-01T14:27:30Z,,4c4cac2f-cde3-46a2-a49f-2ac3dd7ce681,,,DERIVED,BE242,,,,,,,,,,219,,,SCHEDULED
2017-03-01T23:39:03.444Z,,DH8D,MEDIUM,,EGPF,,2017-03-01T21:35:00Z,2017-03-01T21:35:00Z,DERIVED,BEE,,EGHI,,,2017-03-01T20:25:00Z,2017-03-01T20:25:00Z,a6312782-d54b-47cb-9a40-815e0cc83597,,,DERIVED,BE898,,,,,,,,,,271,,,SCHEDULED
2017-03-01T20:51:11.086Z,,,,,,,,,DERIVED,BEE,,,,,,,41e247fd-afad-4d88-ace8-7773ef0f76ca,RECEIVED,BEE874,,,,,183,50.95026,-1.3568,,2017-02-28T22:32:01Z,ESTIMATED,,,,,AIRBORNE
2017-03-01T20:59:06.956Z,,,,EGCC,,2017-02-28T22:14:55Z,,,DERIVED,BEE,EDDL,,,,,,4191f8f8-d66e-452d-960e-4e92270e5fd5,RECEIVED,BEE7218,,,,,,,,,,,,,,,COMPLETED
2017-03-01T21:57:02.408Z,,DH8D,MEDIUM,,EGCC,,2017-03-01T15:55:00Z,2017-03-01T15:55:00Z,DERIVED,BEE,,EGPH,,,2017-03-01T15:05:00Z,2017-03-01T15:05:00Z,436fb6fa-e0b2-4a4b-a2fa-332b11507aac,,,DERIVED,BE294,,,,,,,,,,193,,,SCHEDULED
2017-03-01T22:03:14.929Z,,,,,,,,,DERIVED,BEE,,,,,,,3daf4728-24f9-465e-980c-917a0dcfed92,RECEIVED,BEE378,,,,,1,50.73444,-3.41389,,2017-02-28T22:47:03Z,ESTIMATED,,,,,AIRBORNE
2017-03-01T21:08:00.481Z,GJECL,DH8D,MEDIUM,EGHI,,,2017-02-28T22:28:00Z,,DERIVED,BEE,EGCC,,,2017-02-28T21:53:00Z,,,41e247fd-afad-4d88-ace8-7773ef0f76ca,RECEIVED,BEE7FA,,,,,,,,,,,,198,,,AIRBORNE
2017-03-01T22:24:21.542Z,,,,,,,,,DERIVED,BEE,,,,,,,176834c4-bf35-44d1-ac33-06f8127105e9,RECEIVED,BEE855,,,,,281,55.95,-3.3725,,2017-02-28T23:27:02Z,ESTIMATED,,,,,AIRBORNE
2017-03-01T22:58:26.403Z,,DH8D,MEDIUM,,EGLC,,2017-03-01T07:10:00Z,2017-03-01T07:10:00Z,DERIVED,BEE,,EDDL,,,2017-03-01T06:00:00Z,2017-03-01T06:00:00Z,6e63fd5c-8a5f-46be-b6b2-2b626f686247,,,DERIVED,BE1400,,,,,,,,,,168,,,SCHEDULED
2017-03-01T21:57:03.196Z,,E170,MEDIUM,,EGCC,,2017-03-01T21:55:00Z,2017-03-01T21:55:00Z,DERIVED,BEE,,LIMC,,,2017-03-01T19:55:00Z,2017-03-01T19:55:00Z,30fdc62c-ecb8-4c72-b49d-4799cedce136,,,DERIVED,BE7358,,,,,,,,,,316,,,SCHEDULED
2017-03-01T23:22:45.366Z,,DH8D,MEDIUM,,EGBB,,2017-03-01T07:38:00Z,2017-03-01T07:38:00Z,DERIVED,BEE,,EGPF,,,2017-03-01T06:55:00Z,2017-03-01T06:55:00Z,691b8424-8fc1-4920-9407-cf4f6ded042a,,,DERIVED,BE781,,,,,,,,,,170,,,SCHEDULED
2017-03-01T23:22:47.215Z,,DH8D,MEDIUM,,EGAC,,2017-03-01T09:40:00Z,2017-03-01T09:40:00Z,DERIVED,BEE,,EGNX,,,2017-03-01T08:55:00Z,2017-03-01T08:55:00Z,1e351c81-3f4a-4481-bd6d-f4206c751123,,,DERIVED,BE362,,,,,,,,,,179,,,SCHEDULED
2017-03-01T22:23:29.642Z,,DH8D,MEDIUM,,EGPH,,2017-03-01T17:55:00Z,2017-03-01T17:55:00Z,DERIVED,BEE,,EGCC,,,2017-03-01T17:05:00Z,2017-03-01T17:05:00Z,956adec6-5e2b-4f8a-b012-b80bde7c45fa,,,DERIVED,BE295,,,,,,,,,,193,,,SCHEDULED
2017-03-01T22:28:31.234Z,GFBEM,E190,MEDIUM,EDDM,,,2017-02-28T16:08:00Z,,RECEIVED,BEE,EGFF,,2017-02-28T14:15:00Z,,,,a78dad98-c809-41b6-8cdc-9d12a9e1b466,RECEIVED,BEE1LA,,,,,,,,,,,,,IFR,N0433F350 BCN L9 MIMBI/N0452F370 L9 CPT/N0452F370 UL9 BIG/N0470F390 UL9 KONAN UL607 MATUG DCT RUDUS T109 MOVUM/N0379F290 T109 HAREM T104 DKB/N0336F210 T104 ANORA,PLANNED
2017-03-01T21:56:43.469Z,GJECE,DH8D,MEDIUM,EGAC,,,2017-02-28T18:57:00Z,,RECEIVED,BEE,EGNM,,2017-02-28T17:45:00Z,,,,839b5e8a-85c1-4ff9-a88c-bed46db5a1af,RECEIVED,BEE3CH,,,,,,,,,,,,,IFR,N0316F220 POL Y70 KOLID L70 PENIL L10 IOM DCT NELBO DCT MAGEE DCT,PLANNED
2017-03-01T21:56:45.842Z,GPRPL,DH8D,MEDIUM,EGPH,,,2017-02-28T12:17:00Z,,RECEIVED,BEE,EGAC,,2017-02-28T11:20:00Z,,,,669a1f4c-fe6c-4c3b-89fa-b1e5241d9f0f,RECEIVED,BEE4UT,,,,,,,,,,,,,IFR,N0299F150 DCT MAGEE DCT BLACA,PLANNED
2017-03-01T23:28:02.534Z,GPRPA,DH8D,MEDIUM,EGCC,,,2017-03-01T08:04:00Z,,RECEIVED,BEE,EGTE,,2017-03-01T06:55:00Z,,,,e078dcb7-a791-4b5c-b0dc-24626884d76c,RECEIVED,BEE1MC,,,,,,,,,,,,,IFR,N0317F200 DCT EXMOR N864 MONTY,PLANNED
2017-03-01T22:24:13.617Z,,DH8D,MEDIUM,,EGHI,,2017-03-01T10:20:00Z,2017-03-01T10:20:00Z,DERIVED,BEE,,EHAM,,,2017-03-01T09:15:00Z,2017-03-01T09:15:00Z,a5879400-e30b-4fd6-b516-c971508a350b,,,DERIVED,BE1012,,,,,,,,,,171,,,SCHEDULED
2017-03-01T21:57:35.158Z,GECOA,DH8D,MEDIUM,EGPH,,,2017-02-28T10:26:00Z,,RECEIVED,BEE,EGHI,,2017-02-28T08:45:00Z,,,,8b16acc0-3625-4bf4-9388-91e640a014f6,RECEIVED,BEE7WA,,,,,,,,,,,,,IFR,N0255F070 DCT NORRY/N0251F110 Q41 WCO/N0309F160 DCT DTY DCT SAPCO/N0317F240 N57 POL N601 ESKDO,PLANNED
2017-03-01T22:58:19.513Z,EIREM,,,,,,,,DERIVED,BEE,,,,2016-01-11T15:44:58Z,,,f2aa862e-aedf-4a32-8b16-f0043cd7a2e1,RECEIVED,BEE3VH,,,,,,,,,,,,0,,,AIRBORNE
2017-03-01T23:23:01.486Z,,DH8D,MEDIUM,,EGCC,,2017-03-01T14:30:00Z,2017-03-01T14:30:00Z,DERIVED,BEE,,EHAM,,,2017-03-01T13:15:00Z,2017-03-01T13:15:00Z,10ff88e6-cfed-44ab-a232-223320970a4e,,,DERIVED,BE1276,,,,,,,,,,211,,,SCHEDULED
2017-03-01T22:55:45.932Z,GPRPJ,DH8D,MEDIUM,EGPH,,,2017-02-28T11:21:00Z,,RECEIVED,BEE,EGCC,,2017-02-28T10:15:00Z,,,,97098144-20b7-4c0a-a71a-4bb39749451f,RECEIVED,BEE5NL,,,,,,,,,,,,,IFR,N0315F200 POL N601 ESKDO,PLANNED
2017-03-01T21:57:21.463Z,EIREM,,,,,,,,DERIVED,BEE,EGCC,,,2017-02-28T21:59:39Z,,,ea555753-e5f3-4663-807c-f1de6a11255e,RECEIVED,BEE3PM,,,,,,,,,,,,0,,,AIRBORNE
2017-03-01T23:53:00.799Z,GKKEV,DH8D,MEDIUM,EIDW,,,2017-03-01T16:10:00Z,,RECEIVED,BEE,EGHI,,2017-03-01T14:25:00Z,,,,586cc4e5-a981-44d8-a468-90fdd8b0c7ca,RECEIVED,BEE5UD,,,,,,,,,,,,,IFR,N0300F140 DCT TABEN DCT KENET/N0315F240 L9 STU M17 VATRY/N0314F190 VATRY1R,PLANNED
2017-03-01T22:24:38.881Z,,,,,,,,,DERIVED,BEE,,,,,,,4e96186d-165d-4fbc-b1bf-33dbfa2cae9a,RECEIVED,BEE852,,,,,178,52.45386,-1.74803,,2017-02-28T23:28:02Z,ESTIMATED,,,,,AIRBORNE
2017-03-01T21:05:30.201Z,GKKEV,DH8D,MEDIUM,EGHI,,,2017-02-28T13:51:00Z,,RECEIVED,BEE,LFPG,,2017-02-28T12:30:00Z,,,,32d0fe73-6662-4099-98e6-82cbfc18b951,RECEIVED,BEE572K,,,,,,,,,,,,,IFR,N0311F240 OPALE UT421 KUNAV N20 ELDAX/N0301F160,PLANNED
2017-03-01T21:05:47.232Z,GJECK,DH8D,MEDIUM,EGPF,,,2017-02-28T14:17:00Z,,RECEIVED,BEE,EGBB,,2017-02-28T12:55:00Z,,,,44c11167-d2c4-4225-8e24-19d1e7ecde18,RECEIVED,BEE1EV,,,,,,,,,,,,,IFR,N0310F230 TNT/N0310F240 N57 POL N601 RIBEL,PLANNED
2017-03-01T22:55:48.221Z,,DH8D,MEDIUM,,EGPH,,2017-03-01T09:55:00Z,2017-03-01T09:55:00Z,DERIVED,BEE,,EGNX,,,2017-03-01T09:05:00Z,2017-03-01T09:05:00Z,aeefa0ff-7bce-4f3f-ae1f-1828eacb8169,,,DERIVED,BE262,,,,,,,,,,172,,,SCHEDULED
2017-03-01T22:28:25.444Z,,E170,MEDIUM,,EGPF,,2017-03-01T20:05:00Z,2017-03-01T20:05:00Z,DERIVED,BEE,,EGBB,,,2017-03-01T19:15:00Z,2017-03-01T19:15:00Z,f872920b-acdc-4e93-8201-67043dba24de,,,DERIVED,BE794,,,,,,,,,,271,,,SCHEDULED
2017-03-01T23:19:35.799Z,,DH8D,MEDIUM,,EGBB,,2017-03-01T16:30:00Z,2017-03-01T16:30:00Z,DERIVED,BEE,,EGPH,,,2017-03-01T15:35:00Z,2017-03-01T15:35:00Z,f9695605-e329-4c1b-9206-7d6cf959babc,,,DERIVED,BE848,,,,,,,,,,238,,,SCHEDULED
2017-03-01T22:58:14.588Z,,DH8D,MEDIUM,,EGHI,,2017-03-01T10:15:00Z,2017-03-01T10:15:00Z,DERIVED,BEE,,LFPO,,,2017-03-01T09:15:00Z,2017-03-01T09:15:00Z,9b8f9329-96bb-4acb-aff7-2c8fcfe6272f,,,DERIVED,BE3042,,,,,,,,,,147,,,SCHEDULED
2017-03-01T23:19:39.582Z,,DH8D,MEDIUM,,EHAM,,2017-03-01T19:05:00Z,2017-03-01T19:05:00Z,DERIVED,BEE,,EGHI,,,2017-03-01T18:05:00Z,2017-03-01T18:05:00Z,016ef182-f972-4b3a-81f2-8e10b2b19448,,,DERIVED,BE1019,,,,,,,,,,243,,,SCHEDULED
2017-03-01T21:57:23.420Z,,,,EGAC,,,,,DERIVED,BEE,EGPF,,,,,,07d93079-9c84-43fc-9a8f-f9cf775015a9,RECEIVED,BEE137,,,,,,,,,,,,,,,CANCELLED
2017-03-01T23:23:11.265Z,GJECZ,DH8D,MEDIUM,LFPO,,,2017-03-01T08:33:00Z,,RECEIVED,BEE,EGHI,,2017-03-01T07:15:00Z,,,,dbd561af-2711-405c-adce-26ac50cf385e,RECEIVED,BEE146D,,,,,,,,,,,,,IFR,N0287F110 DCT SAM Y8 GWC/N0316F230 N859 SITET UN859 LGL/N0316F190 A34 BOBSA,PLANNED
2017-03-01T22:54:39.158Z,GJEDU,DH8D,MEDIUM,EGTE,,,2017-02-28T15:02:00Z,,RECEIVED,BEE,EHAM,,2017-02-28T13:15:00Z,,,,ee2c0d25-fb37-4f47-9fc4-633e809ed63d,RECEIVED,BEE7GR,,,,,,,,,,,,,IFR,N0312F240 VALKO UL980 XAMAN L980 MID L620 GIBSO DCT,PLANNED
2017-03-01T23:19:39.128Z,GJEDT,DH8D,MEDIUM,EGLC,,,2017-03-01T07:56:00Z,,RECEIVED,BEE,EGPH,,2017-03-01T06:05:00Z,,,,5f596c7a-5057-4ded-8068-a5e3a82e744c,RECEIVED,BEE1FK,,,,,,,,,,,,,IFR,N0314F250 TLA N864 DCS UL612 CALDA DCT MCT,PLANNED
2017-03-01T21:58:26.162Z,,DH8D,MEDIUM,,EGNX,,2017-03-01T08:10:00Z,2017-03-01T08:10:00Z,DERIVED,BEE,,EGPF,,,2017-03-01T07:15:00Z,2017-03-01T07:15:00Z,be2cc14e-1961-4c14-bf68-e6cc43adf766,,,DERIVED,BE551,,,,,,,,,,171,,,SCHEDULED
2017-03-01T21:57:44.268Z,,DH8D,MEDIUM,,EGPF,,2017-03-01T21:35:00Z,2017-03-01T21:35:00Z,DERIVED,BEE,,EGHI,,,2017-03-01T20:25:00Z,2017-03-01T20:25:00Z,a6312782-d54b-47cb-9a40-815e0cc83597,,,DERIVED,BE898,,,,,,,,,,271,,,SCHEDULED
2017-03-01T21:12:05.234Z,,,,,,,,,DERIVED,BEE,,,,,,,4e96186d-165d-4fbc-b1bf-33dbfa2cae9a,RECEIVED,BEE852,,,,,178,52.45386,-1.74803,,2017-02-28T23:02:01Z,ESTIMATED,,,,,AIRBORNE
2017-03-01T21:56:41.307Z,GFBJC,E170,MEDIUM,EGJJ,,,2017-02-28T09:59:00Z,,RECEIVED,BEE,EGBB,,2017-02-28T09:00:00Z,,,,8d95dde8-214c-4f59-96a7-ec93a60cd2b8,RECEIVED,BEE4LK,,,,,,,,,,,,,IFR,N0381F290 ADMEX Y321 PEPIS/N0372F280 UQ41 SAM/N0380F290 UN621 LELNA/N0337F120,PLANNED
2017-03-01T21:58:35.702Z,,E170,MEDIUM,,EGJJ,,2017-03-01T08:45:00Z,2017-03-01T08:45:00Z,DERIVED,BEE,,EGCN,,,2017-03-01T07:50:00Z,2017-03-01T07:50:00Z,c77a2168-c2f1-4691-85ca-0af024508e88,,,DERIVED,BE4433,,,,,,,,,,285,,,SCHEDULED
2017-03-01T21:01:05.391Z,EIREM,,,,,,,,DERIVED,BEE,,,,2016-01-11T15:44:58Z,,,f2aa862e-aedf-4a32-8b16-f0043cd7a2e1,RECEIVED,BEE3VH,,,,,,,,,,,,0,,,AIRBORNE
2017-03-01T20:57:04.873Z,GFBJD,E170,MEDIUM,EGCC,,,2017-02-28T22:50:00Z,,DERIVED,BEE,LIMC,,,2017-02-28T19:45:00Z,,,b6096b15-dac3-475b-b1c9-a2a6988393db,RECEIVED,BEE89AD,,,,,,,,,,,,316,,,AIRBORNE
2017-03-01T21:57:43.899Z,,DH8D,MEDIUM,,EGPF,,2017-03-01T18:30:00Z,2017-03-01T18:30:00Z,DERIVED,BEE,,EGBB,,,2017-03-01T17:35:00Z,2017-03-01T17:35:00Z,81412b17-5890-4555-8651-173c25c10ad1,,,DERIVED,BE792,,,,,,,,,,247,,,SCHEDULED
2017-03-01T23:52:35.511Z,GJEDW,DH8D,MEDIUM,EGBB,,,2017-03-01T19:57:00Z,,RECEIVED,BEE,EGPD,,2017-03-01T18:15:00Z,,,,47a372cb-981d-4497-af43-05a5316e222d,RECEIVED,BEE9VM,,,,,,,,,,,,,IFR,N0316F250 DCT ADN P600 PTH UP600 GOW UL612 CROFT/N0310F170,PLANNED
2017-03-01T22:28:25.878Z,,,,EGCC,,,,,DERIVED,BEE,EGAC,,,,,,c8142f4e-6183-4cad-b45c-7a66325f04c0,RECEIVED,BEE487,,,,,,,,,,,,,,,CANCELLED
2017-03-01T23:22:32.648Z,,E170,MEDIUM,,EGCN,,2017-03-01T10:30:00Z,2017-03-01T10:30:00Z,DERIVED,BEE,,EGJJ,,,2017-03-01T09:35:00Z,2017-03-01T09:35:00Z,b083116d-b3a0-41b8-bba4-f3d77e210e28,,,DERIVED,BE4434,,,,,,,,,,285,,,SCHEDULED
2017-03-01T23:52:09.381Z,GPRPA,DH8D,MEDIUM,EGTE,,,2017-03-01T18:24:00Z,,RECEIVED,BEE,EGJB,,2017-03-01T17:35:00Z,,,,8537c169-3c35-45de-b1fa-4bd50b904798,RECEIVED,BEE1HF,,,,,,,,,,,,,IFR,N0302F140 SKERY N862 BHD DCT,PLANNED
2017-03-01T23:52:42.186Z,GJECH,DH8D,MEDIUM,EGCC,,,2017-03-01T11:13:00Z,,RECEIVED,BEE,EHAM,,2017-03-01T09:20:00Z,,,,57fd86f2-3831-410d-ac06-74a2453a0c27,RECEIVED,BEE2EF,,,,,,,,,,,,,IFR,N0314F240 BERGI UL602 SUPUR DCT KOLAG L60 SOPEK L989 BODSO Y70 OTBED,PLANNED
2017-03-01T21:01:03.441Z,GJEDW,DH8D,MEDIUM,EGPD,,,2017-02-28T22:26:00Z,,DERIVED,BEE,EGCC,,,2017-02-28T21:41:00Z,,,6dcb42e4-f71c-4313-bc79-eb6ca16c2f47,RECEIVED,BEE4ET,,,,,,,,,,,,252,,,AIRBORNE
2017-03-01T23:22:53.298Z,,DH8D,MEDIUM,,EGCC,,2017-03-01T09:40:00Z,2017-03-01T09:40:00Z,DERIVED,BEE,,EGJJ,,,2017-03-01T08:40:00Z,2017-03-01T08:40:00Z,11d36177-9372-49e8-91c9-99740d56177a,,,DERIVED,BE456,,,,,,,,,,250,,,SCHEDULED
2017-03-01T22:55:51.365Z,,DH8D,MEDIUM,,EGPH,,2017-03-01T10:10:00Z,2017-03-01T10:10:00Z,DERIVED,BEE,,EGHI,,,2017-03-01T08:55:00Z,2017-03-01T08:55:00Z,b37e3d30-9b30-4c66-95d4-f98355cf8723,,,DERIVED,BE761,,,,,,,,,,248,,,SCHEDULED
2017-03-01T23:18:41.541Z,GPRPG,DH8D,MEDIUM,EGAC,,,2017-03-01T12:57:00Z,,RECEIVED,BEE,EGFF,,2017-03-01T11:30:00Z,,,,528b6318-6ff0-4fa2-93f4-3b6e20659a88,RECEIVED,BEE7AK,,,,,,,,,,,,,IFR,N0315F240 BCN N864 WAL L10 IOM DCT NELBO DCT MAGEE DCT,PLANNED
2017-03-01T21:11:40.362Z,GJEDT,DH8D,MEDIUM,EGPH,,,2017-02-28T11:04:00Z,,RECEIVED,BEE,EGLC,,2017-02-28T09:30:00Z,,,,4e38b34b-a952-4ff5-ae28-25a82249dd01,RECEIVED,BEE2TC,,,,,,,,,,,,,IFR,N0294F150 BPK N601 POTON/N0309F240 N601 ESKDO,PLANNED
2017-03-01T22:56:58.273Z,N949BW,BE20,,,,,,,DERIVED,BEE,PAOM,,,2017-03-01T00:27:40Z,,,e58016e6-fa1a-43b3-853e-806472029b12,DERIVED,BEE850,,,,,,,,,,,,0,,,AIRBORNE
2017-03-01T22:56:58.682Z,GPRPJ,DH8D,MEDIUM,EGPH,,,2017-02-28T12:21:00Z,,RECEIVED,BEE,EGCC,,2017-02-28T11:15:00Z,,,,97098144-20b7-4c0a-a71a-4bb39749451f,RECEIVED,BEE5NL,,,,,,,,,,,,,IFR,N0315F200 POL N601 ESKDO,PLANNED
2017-03-01T23:27:30.785Z,GFBEM,E190,MEDIUM,EGFF,,,2017-03-01T15:05:00Z,,RECEIVED,BEE,EDDT,,2017-03-01T12:55:00Z,,,,7f482346-e1d9-4d32-a52f-475a6ea50e7d,RECEIVED,BEE5JF,,,,,,,,,,,,,IFR,N0457F380 BRANE3V BRANE Y200 HLZ DCT GORLO UL980 LAM/N0365F260 UL179 CPT,PLANNED
2017-03-01T22:56:07.302Z,,E190,MEDIUM,,EGTE,,2017-03-01T13:00:00Z,2017-03-01T13:00:00Z,DERIVED,BEE,,LEAL,,,2017-03-01T10:50:00Z,2017-03-01T10:50:00Z,8fe99ede-4ea5-4b5c-8cb0-e3df05a9df97,,,DERIVED,BE4322,,,,,,,,,,351,,,SCHEDULED
2017-03-01T21:55:08.100Z,GFBEM,E190,MEDIUM,EGFF,,,2017-02-28T09:52:00Z,,RECEIVED,BEE,EGPH,,2017-02-28T08:40:00Z,,,,9f1cba09-d696-4f6f-8b04-f9c5627062bd,RECEIVED,BEE9HP,,,,,,,,,,,,,IFR,N0379F290 GOSAM P600 FENIK UL612 DCS UN864 SUBUK DCT NOKIN UN862 RETSI/N0350F160,PLANNED
2017-03-01T22:57:51.434Z,GPRPB,DH8D,MEDIUM,EGPH,,,2017-02-28T12:58:00Z,,RECEIVED,BEE,EGAC,,2017-02-28T12:00:00Z,,,,b4488991-32bf-4183-be58-96b673a0af13,RECEIVED,BEE8BP,,,,,,,,,,,,,IFR,N0309F170 DCT MAGEE DCT BLACA,PLANNED
2017-03-01T21:56:31.557Z,,DH8D,MEDIUM,,EGCC,,2017-03-01T19:35:00Z,2017-03-01T19:35:00Z,DERIVED,BEE,,EGHI,,,2017-03-01T18:50:00Z,2017-03-01T18:50:00Z,0ae4a983-5408-470a-86db-420f3eb77371,,,DERIVED,BE871,,,,,,,,,,198,,,SCHEDULED
2017-03-01T22:57:53.566Z,,,,,,,,,DERIVED,BEE,,,,,,,4e96186d-165d-4fbc-b1bf-33dbfa2cae9a,RECEIVED,BEE852,,,,,178,52.45386,-1.74803,,2017-03-01T00:56:02Z,ESTIMATED,,,,,AIRBORNE
2017-03-01T22:02:50.621Z,GPRPF,DH8D,MEDIUM,EGBB,,,2017-03-01T00:06:00Z,,DERIVED,BEE,EGPH,,,2017-02-28T21:40:00Z,,,4e96186d-165d-4fbc-b1bf-33dbfa2cae9a,RECEIVED,BEE852,,,,,,,,,,,,238,,,AIRBORNE
2017-03-01T22:27:49.218Z,,E170,MEDIUM,,EGBB,,2017-03-01T18:25:00Z,2017-03-01T18:25:00Z,DERIVED,BEE,,EHAM,,,2017-03-01T17:30:00Z,2017-03-01T17:30:00Z,f4921842-fe9c-4e2d-80f9-6ff9ffd8788b,,,DERIVED,BE112,,,,,,,,,,261,,,SCHEDULED
2017-03-01T22:56:53.411Z,,DH8D,MEDIUM,,EGTE,,2017-03-01T18:25:00Z,2017-03-01T18:25:00Z,DERIVED,BEE,,EGLC,,,2017-03-01T17:35:00Z,2017-03-01T17:35:00Z,bd56295c-b21c-48e9-8224-9d9f5a29868e,,,DERIVED,BE1308,,,,,,,,,,167,,,SCHEDULED
2017-03-01T21:55:25.837Z,GJEDT,DH8D,MEDIUM,EGLC,,,2017-02-28T09:04:00Z,,RECEIVED,BEE,EGPH,,2017-02-28T07:10:00Z,,,,ff01d02e-e708-4239-bf93-275782f5b1d3,RECEIVED,BEE524N,,,,,,,,,,,,,IFR,N0314F250 TLA N864 DCS UL612 CALDA DCT MCT,PLANNED
2017-03-01T23:52:55.275Z,GECOE,DH8D,MEDIUM,EGHI,,,2017-03-01T14:04:00Z,,RECEIVED,BEE,LFRS,,2017-03-01T12:45:00Z,,,,d92f5177-931c-494e-ba54-9659fe52a7d0,RECEIVED,BEE219U,,,,,,,,,,,,,IFR,N0314F190 BALNI R14 REN/N0315F240 UN867 KOKOS UY110 ORIST Y110 ASPEN Q41 THRED,PLANNED
2017-03-01T22:55:59.046Z,,DH8D,MEDIUM,,EGCC,,2017-03-01T07:55:00Z,2017-03-01T07:55:00Z,DERIVED,BEE,,EGPD,,,2017-03-01T06:50:00Z,2017-03-01T06:50:00Z,025a9921-1d93-415c-9f25-f5747c5b3f3a,,,DERIVED,BE1030,,,,,,,,,,163,,,SCHEDULED
2017-03-01T21:55:21.473Z,GECOB,DH8D,MEDIUM,EGPH,,,2017-02-28T23:10:00Z,,DERIVED,BEE,EGBB,,,2017-02-28T22:38:00Z,,,176834c4-bf35-44d1-ac33-06f8127105e9,RECEIVED,BEE4KR,,,,,,,,,,,,238,,,AIRBORNE
2017-03-01T23:19:16.687Z,,E190,MEDIUM,,EGHQ,,2017-03-01T13:50:00Z,2017-03-01T13:50:00Z,DERIVED,BEE,,EGKK,,,2017-03-01T13:00:00Z,2017-03-01T13:00:00Z,5004594e-b004-4dd1-ad84-3b9a4b046558,,,DERIVED,BE804,,,,,,,,,,226,,,SCHEDULED
2017-03-01T21:57:13.556Z,,DH8D,MEDIUM,,EIDW,,2017-03-01T15:40:00Z,2017-03-01T15:40:00Z,DERIVED,BEE,,EGHI,,,2017-03-01T14:35:00Z,2017-03-01T14:35:00Z,586cc4e5-a981-44d8-a468-90fdd8b0c7ca,,,DERIVED,BE385,,,,,,,,,,216,,,SCHEDULED
2017-03-01T20:54:24.377Z,,,,,,,,,DERIVED,BEE,,,,,,,4e96186d-165d-4fbc-b1bf-33dbfa2cae9a,RECEIVED,BEE852,,,,,178,52.45386,-1.74803,,2017-02-28T22:43:01Z,ESTIMATED,,,,,AIRBORNE
2017-03-01T20:54:24.377Z,,,,,,,,,DERIVED,BEE,,,,,,,3daf4728-24f9-465e-980c-917a0dcfed92,RECEIVED,BEE378,,,,,1,50.73444,-3.41389,,2017-02-28T22:43:01Z,ESTIMATED,,,,,AIRBORNE
2017-03-01T23:23:25.709Z,,E170,MEDIUM,,EGCC,,2017-03-01T17:55:00Z,2017-03-01T17:55:00Z,DERIVED,BEE,,EGAC,,,2017-03-01T17:15:00Z,2017-03-01T17:15:00Z,80a9b74a-a7a6-41ff-ba87-03d1dc59175d,,,DERIVED,BE483,,,,,,,,,,222,,,SCHEDULED
2017-03-01T23:51:34.401Z,N949BW,BE20,,PAOM,,,,,DERIVED,BEE,,,,2017-03-01T02:37:00Z,,,ddfab32a-6a05-4bbd-bf5f-72249b88984a,DERIVED,BEE850,,,,,,,,,,,,0,,,AIRBORNE
2017-03-01T20:55:39.976Z,GFBJA,E170,MEDIUM,LFPG,,,2017-02-28T07:54:00Z,,RECEIVED,BEE,EGBB,,2017-02-28T06:35:00Z,,,,19cc45e3-2e1d-49e5-b982-2cad4e20690d,RECEIVED,BEE689R,,,,,,,,,,,,,IFR,N0381F290 ADMEX Y321 EMKUK UL612 WOD UM605 WAFFU/N0352F250 UM605 BIBAX/N0294F130,PLANNED
2017-03-01T21:56:30.336Z,,E170,MEDIUM,,EGCC,,2017-03-01T10:05:00Z,2017-03-01T10:05:00Z,DERIVED,BEE,,EGPD,,,2017-03-01T09:15:00Z,2017-03-01T09:15:00Z,50d69a28-788c-4fed-95bc-f9a6c241f1a5,,,DERIVED,BE1032,,,,,,,,,,198,,,SCHEDULED
2017-03-01T21:57:34.001Z,GFBJI,E170,MEDIUM,EGCC,,,2017-02-28T16:41:00Z,,RECEIVED,BEE,EGHQ,,2017-02-28T15:35:00Z,,,,f6e6c623-f707-46ab-b7e0-925d2a712f8a,RECEIVED,BEE7KT,,,,,,,,,,,,,IFR,N0342F230 DCT EXMOR/N0361F260 UN864 NUMPO/N0373F280 UN864 NITON/N0337F220 N864 MONTY/N0337F220,PLANNED
2017-03-01T23:19:11.294Z,GECOR,DH8D,MEDIUM,EHAM,,,2017-03-01T17:32:00Z,,RECEIVED,BEE,EGHI,,2017-03-01T16:15:00Z,,,,dea4442d-6ed5-401d-beea-52d96ca50a57,RECEIVED,BEE42A,,,,,,,,,,,,,IFR,N0253F070 DCT GWC/N0308F170 DCT OCK/N0313F250 UM185 BPK Q295 CLN UL620 REDFA,PLANNED
2017-03-01T23:52:17.788Z,GFLBD,DH8D,MEDIUM,EGBB,,,2017-03-01T13:52:00Z,,RECEIVED,BEE,EIKN,,2017-03-01T12:30:00Z,,,,c437c8c5-aa43-4d69-a0b9-e96cb2b0c3e9,RECEIVED,BEE1NE,,,,,,,,,,,,,IFR,N0313F250 DCT CON DCT LIFFY UL975 MALUD/N0286F210 UL15 AMPIT,PLANNED
2017-03-01T22:03:34.807Z,,,,,,,,,DERIVED,BEE,,,,,,,4e96186d-165d-4fbc-b1bf-33dbfa2cae9a,RECEIVED,BEE852,,,,,178,52.45386,-1.74803,,2017-02-28T22:42:01Z,ESTIMATED,,,,,AIRBORNE
2017-03-01T21:56:03.013Z,GFBJA,E170,MEDIUM,EGBB,,,2017-02-28T10:09:00Z,,RECEIVED,BEE,LFPG,,2017-02-28T08:50:00Z,,,,33e07e82-d19d-4055-bc6b-627a8daaf3aa,RECEIVED,BEE736A,,,,,,,,,,,,,IFR,N0359F260 OPALE UT421 KESAX UT426 DIMAL UT10 ALESO UT420 BIG/N0335F220 T420 BUZAD,PLANNED
2017-03-01T23:18:30.205Z,GFBJE,E170,MEDIUM,LFLL,,,2017-03-01T12:31:00Z,,RECEIVED,BEE,EGCC,,2017-03-01T10:50:00Z,,,,c3b71305-aaa4-4348-aca1-9bcbcc43797a,RECEIVED,BEE479R,,,,,,,,,,,,,IFR,N0395F310 SANBA N859 HON UL612 OKEKO/N0371F270 UL612 OKIRA/N0341F210 UL612 MOU,PLANNED
2017-03-01T23:18:53.298Z,GPRPL,DH8D,MEDIUM,EGAC,,,2017-03-01T16:27:00Z,,RECEIVED,BEE,EGPH,,2017-03-01T15:25:00Z,,,,020fd18a-c1db-4218-bc4d-b6a8ab27e863,RECEIVED,BEE7MT,,,,,,,,,,,,,IFR,N0313F180 TLA DCT TRN P600 BLACA DCT MAGEE DCT,PLANNED
2017-03-01T21:56:43.383Z,,,,,,,,,DERIVED,BEE,,,,,,,4e96186d-165d-4fbc-b1bf-33dbfa2cae9a,RECEIVED,BEE852,,,,,178,52.45386,-1.74803,,2017-02-28T22:35:03Z,ESTIMATED,,,,,AIRBORNE
2017-03-01T22:55:10.342Z,,E170,MEDIUM,,EGBB,,2017-03-01T09:58:00Z,2017-03-01T09:58:00Z,DERIVED,BEE,,EHAM,,,2017-03-01T08:55:00Z,2017-03-01T08:55:00Z,81962665-7d14-4180-b84d-c635c5bc0467,,,DERIVED,BE102,,,,,,,,,,179,,,SCHEDULED
2017-03-01T23:45:44.235Z,N949BW,,,,,,,,DERIVED,BEE,,,,,,,ddfab32a-6a05-4bbd-bf5f-72249b88984a,DERIVED,BEE850,,,1222,300,107,64.52582,-165.54364,148,2017-03-01T02:38:45Z,ADSB,,,,,AIRBORNE
2017-03-01T21:55:12.907Z,GECOM,DH8D,MEDIUM,LFPG,,,2017-02-28T11:45:00Z,,RECEIVED,BEE,EGHI,,2017-02-28T10:30:00Z,,,,142bdf7e-8529-49f8-bc6e-e8319a2c8aa4,RECEIVED,BEE914V,,,,,,,,,,,,,IFR,N0310F190 DCT SAM Y8 WAFFU M605 BIBAX/N0295F150,PLANNED
2017-03-01T21:55:13.826Z,GFBJD,E170,MEDIUM,EGCC,,,2017-02-28T22:56:05Z,,DERIVED,BEE,LIMC,,,2017-02-28T19:45:00Z,,,b6096b15-dac3-475b-b1c9-a2a6988393db,RECEIVED,BEE89AD,,,,,,,,,,,,316,,,AIRBORNE
2017-03-01T21:57:48.225Z,,DH8D,MEDIUM,,EGBB,,2017-03-01T20:30:00Z,2017-03-01T20:30:00Z,DERIVED,BEE,,EGJJ,,,2017-03-01T19:40:00Z,2017-03-01T19:40:00Z,7fbdcec6-0261-4473-a71d-341f51da68cc,,,DERIVED,BE512,,,,,,,,,,235,,,SCHEDULED
2017-03-01T21:01:30.887Z,GFBJA,E170,MEDIUM,EGBB,,,2017-02-28T14:48:00Z,,RECEIVED,BEE,LFLL,,2017-02-28T13:00:00Z,,,,67532efd-8eb9-4a6a-8619-6027165f0623,RECEIVED,BEE329D,,,,,,,,,,,,,IFR,N0460F380 BUSIL UT133 BAGBI UM733 CHABY UH10 OKRIX UM976 BRY UM733 KOPOR UM976 ABNUR UT10 ALESO/N0359F260 UT420 BIG/N0336F220 T420 BUZAD,PLANNED
2017-03-01T23:18:33.943Z,GPRPJ,DH8D,MEDIUM,EGPH,,,2017-03-01T14:06:00Z,,RECEIVED,BEE,EGBB,,2017-03-01T12:45:00Z,,,,bb8367f2-4131-4891-8d44-335c9aecd0b6,RECEIVED,BEE9VB,,,,,,,,,,,,,IFR,N0316F230 TNT/N0316F240 N57 POL N601 ESKDO,PLANNED
2017-03-01T22:02:53.475Z,,,,EGPH,,,,,DERIVED,BEE,EGBB,,,,,,176834c4-bf35-44d1-ac33-06f8127105e9,RECEIVED,BEE855,,,,,,,,,,,,,,,AIRBORNE
2017-03-01T23:52:21.422Z,GJECR,DH8D,MEDIUM,EGAC,,,2017-03-01T18:11:00Z,,RECEIVED,BEE,EGCC,,2017-03-01T17:05:00Z,,,,1561d82d-2f56-4842-8884-7385840e96cf,RECEIVED,BEE2HR,,,,,,,,,,,,,IFR,N0317F200 ASMIM L975 WAL L10 IOM DCT NELBO DCT MAGEE DCT,PLANNED
2017-03-01T22:28:14.265Z,,DH8D,MEDIUM,,EGPD,,2017-03-01T11:25:00Z,2017-03-01T11:25:00Z,DERIVED,BEE,,EGCC,,,2017-03-01T10:25:00Z,2017-03-01T10:25:00Z,6cffcbf5-eeb8-4991-af5e-072743787bdd,,,DERIVED,BE1035,,,,,,,,,,231,,,SCHEDULED
2017-03-01T22:28:14.501Z,,DH8D,MEDIUM,,EGAC,,2017-03-01T21:05:00Z,2017-03-01T21:05:00Z,DERIVED,BEE,,EGNM,,,2017-03-01T20:25:00Z,2017-03-01T20:25:00Z,cf06ac35-22f8-4ce4-b6f3-243f9760b27b,,,DERIVED,BE738,,,,,,,,,,232,,,SCHEDULED
2017-03-01T22:24:41.301Z,GFBJC,E170,MEDIUM,EGJJ,,,2017-02-28T09:19:00Z,,RECEIVED,BEE,EGBB,,2017-02-28T08:20:00Z,,,,8d95dde8-214c-4f59-96a7-ec93a60cd2b8,RECEIVED,BEE4LK,,,,,,,,,,,,,IFR,N0381F290 ADMEX Y321 PEPIS/N0372F280 UQ41 SAM/N0380F290 UN621 LELNA/N0337F120,PLANNED
2017-03-01T21:59:46.721Z,,DH8D,MEDIUM,,EGAC,,2017-03-01T19:40:00Z,2017-03-01T19:40:00Z,DERIVED,BEE,,EGHI,,,2017-03-01T18:35:00Z,2017-03-01T18:35:00Z,42870d08-cb73-4c6f-a26e-fd3bc0c44c96,,,DERIVED,BE988,,,,,,,,,,254,,,SCHEDULED
2017-03-01T23:22:01.333Z,,DH8D,MEDIUM,,EGBB,,2017-03-01T09:16:00Z,2017-03-01T09:16:00Z,DERIVED,BEE,,EGAC,,,2017-03-01T08:45:00Z,2017-03-01T08:45:00Z,93caa543-50ed-4339-9b92-d7ac1bdd9042,,,DERIVED,BE403,,,,,,,,,,169,,,SCHEDULED
2017-03-01T22:26:08.381Z,,E170,MEDIUM,,EGBB,,2017-03-01T17:05:00Z,2017-03-01T17:05:00Z,DERIVED,BEE,,EHAM,,,2017-03-01T16:10:00Z,2017-03-01T16:10:00Z,9ee63aaa-cc1a-442a-8e1e-c3f01afdfa66,,,DERIVED,BE110,,,,,,,,,,261,,,SCHEDULED
2017-03-01T21:12:48.247Z,GECOD,DH8D,MEDIUM,EDDL,,,2017-02-28T16:03:00Z,,RECEIVED,BEE,EGBB,,2017-02-28T14:20:00Z,,,,f96fc42b-d136-47bf-b3a2-9b09766dffee,RECEIVED,BEE7CL,,,,,,,,,,,,,IFR,N0313F250 UNGAP P155 SIVDA DCT REDFA/N0311F230 UL620 PAM UP62 TEBRO TEBRO1G,PLANNED
2017-03-01T22:02:31.711Z,GJEDW,,,EGPD,,,2017-02-28T22:34:29Z,,DERIVED,BEE,EGCC,,,,,,6dcb42e4-f71c-4313-bc79-eb6ca16c2f47,RECEIVED,BEE1047,,,,,,,,,,,,,,,COMPLETED
2017-03-01T23:22:44.021Z,,DH8D,MEDIUM,,EGHI,,2017-03-01T08:10:00Z,2017-03-01T08:10:00Z,DERIVED,BEE,,EGPH,,,2017-03-01T06:55:00Z,2017-03-01T06:55:00Z,064ef9cb-a908-4dde-939d-780b80a8cab8,,,DERIVED,BE760,,,,,,,,,,196,,,SCHEDULED
2017-03-01T22:02:32.473Z,,,,,,,,,DERIVED,BEE,,,,,,,4e96186d-165d-4fbc-b1bf-33dbfa2cae9a,RECEIVED,BEE852,,,,,178,52.45386,-1.74803,,2017-02-28T22:58:01Z,ESTIMATED,,,,,AIRBORNE
2017-03-01T21:12:40.545Z,GJECY,DH8D,MEDIUM,EGPH,,,2017-02-28T11:48:00Z,,RECEIVED,BEE,EHAM,,2017-02-28T09:50:00Z,,,,ce6d24bd-5cb7-412d-ac33-7f239133b571,RECEIVED,BEE2PG,,,,,,,,,,,,,IFR,N0316F240 BERGI UL602 SUPUR UL60 KOLAG L60 SOPEK L989 BODSO Y70 POL N601 ESKDO,PLANNED
2017-03-01T21:12:46.696Z,,,,,,,,,DERIVED,BEE,,,,,,,70fa49fa-20df-48a2-83c0-d1d0b4e640a3,RECEIVED,BEE4238,,,,,286,60.5126,22.27374,,2017-02-28T22:23:03Z,ESTIMATED,,,,,AIRBORNE
2017-03-01T23:24:39.405Z,,DH8D,MEDIUM,,EGAC,,2017-03-01T18:10:00Z,2017-03-01T18:10:00Z,DERIVED,BEE,,EGNM,,,2017-03-01T17:30:00Z,2017-03-01T17:30:00Z,f5e7ef18-4457-4378-9fe4-82b28f5d2c95,,,DERIVED,BE736,,,,,,,,,,232,,,SCHEDULED
2017-03-01T21:59:53.586Z,,DH8D,MEDIUM,,EGAC,,2017-03-01T12:35:00Z,2017-03-01T12:35:00Z,DERIVED,BEE,,EGFF,,,2017-03-01T11:40:00Z,2017-03-01T11:40:00Z,528b6318-6ff0-4fa2-93f4-3b6e20659a88,,,DERIVED,BE284,,,,,,,,,,233,,,SCHEDULED
2017-03-01T22:26:07.899Z,,E170,MEDIUM,,EHAM,,2017-03-01T18:50:00Z,2017-03-01T18:50:00Z,DERIVED,BEE,,EGBB,,,2017-03-01T17:55:00Z,2017-03-01T17:55:00Z,ab11ca68-7423-4621-be1f-017c95a98fd4,,,DERIVED,BE111,,,,,,,,,,261,,,SCHEDULED
2017-03-01T23:22:58.376Z,GKKEV,DH8D,MEDIUM,EGHI,,,2017-03-01T21:42:00Z,,RECEIVED,BEE,LFPO,,2017-03-01T20:10:00Z,,,,a0910ee0-4f81-4289-98e4-dda7d56d0c86,RECEIVED,BEE263D,,,,,,,,,,,,,IFR,N0300F130 OPALE/N0316F220 UT421 KUNAV N20 ELDAX/N0316F180,PLANNED
2017-03-01T23:54:23.926Z,GJECM,DH8D,MEDIUM,EDDM,,,2017-03-01T18:43:00Z,,RECEIVED,BEE,EGHI,,2017-03-01T16:40:00Z,,,,32f7af36-63c9-4a82-b75e-e24e977b6197,RECEIVED,BEE4CT,,,,,,,,,,,,,IFR,N0283F100 DCT GWC/N0315F230 N16 BIG L9 KONAN UL607 SPI UQ50 SUXIM L607 RUDUS L984 ASKIK Z74 HAREM T104 ANORA ANORA3A,PLANNED
2017-03-01T20:56:36.002Z,,,,,,,,,DERIVED,BEE,,,,,,,6dcb42e4-f71c-4313-bc79-eb6ca16c2f47,RECEIVED,BEE1047,,,,,1,57.20194,-2.19778,,2017-02-28T22:39:01Z,ESTIMATED,,,,,AIRBORNE
2017-03-01T22:59:05.755Z,,DH8D,MEDIUM,,EGLC,,2017-03-01T14:15:00Z,2017-03-01T14:15:00Z,DERIVED,BEE,,EDDL,,,2017-03-01T13:05:00Z,2017-03-01T13:05:00Z,d118511c-fb2a-4c2d-9205-04a338d92fe0,,,DERIVED,BE1404,,,,,,,,,,216,,,SCHEDULED
2017-03-01T20:59:57.761Z,GECOM,DH8D,MEDIUM,EGHI,,,2017-02-28T13:51:00Z,,RECEIVED,BEE,LFPG,,2017-02-28T12:30:00Z,,,,32d0fe73-6662-4099-98e6-82cbfc18b951,RECEIVED,BEE572K,,,,,,,,,,,,,IFR,N0311F240 OPALE UT421 KUNAV N20 ELDAX/N0302F160,PLANNED
2017-03-01T23:42:54.607Z,,DH8D,MEDIUM,,EGBB,,2017-03-01T07:10:00Z,2017-03-01T07:10:00Z,DERIVED,BEE,,EDDL,,,2017-03-01T05:45:00Z,2017-03-01T05:45:00Z,5e2a5c15-aff6-4813-a6e6-90d3b757eddb,,,DERIVED,BE7040,,,,,,,,,,185,,,SCHEDULED
2017-03-01T22:31:15.010Z,,,,,,,,,DERIVED,BEE,,,,,,,4e96186d-165d-4fbc-b1bf-33dbfa2cae9a,RECEIVED,BEE852,,,,,178,52.45386,-1.74803,,2017-03-01T00:01:00Z,ESTIMATED,,,,,AIRBORNE
2017-03-01T22:02:08.052Z,GFBEM,E190,MEDIUM,EGFF,,,2017-02-28T13:48:00Z,,RECEIVED,BEE,LFPG,,2017-02-28T12:30:00Z,,,,ead91d03-b095-4278-b232-c3b11baf38df,RECEIVED,BEE4UE,,,,,,,,,,,,,IFR,N0372F280 OPALE/N0390F300 UT421 BIG UL9 CPT/N0306F160,PLANNED
2017-03-01T22:26:11.234Z,,DH8D,MEDIUM,,EGTE,,2017-03-01T14:05:00Z,2017-03-01T14:05:00Z,DERIVED,BEE,,EHAM,,,2017-03-01T12:50:00Z,2017-03-01T12:50:00Z,a683416d-abef-4547-a450-3a5c17a4701e,,,DERIVED,BE1534,,,,,,,,,,256,,,SCHEDULED
2017-03-01T22:01:17.230Z,GFBJD,E170,MEDIUM,EGCC,,,2017-02-28T22:52:00Z,,DERIVED,BEE,LIMC,,,2017-02-28T19:45:00Z,,,b6096b15-dac3-475b-b1c9-a2a6988393db,RECEIVED,BEE89AD,,,,,,,,,,,,316,,,COMPLETED
2017-03-01T22:59:41.229Z,,DH8D,MEDIUM,,EGHI,,2017-03-01T16:35:00Z,2017-03-01T16:35:00Z,DERIVED,BEE,,EGNT,,,2017-03-01T15:35:00Z,2017-03-01T15:35:00Z,e5c2351f-6f31-426d-8015-d545ff359eb3,,,DERIVED,BE146,,,,,,,,,,246,,,SCHEDULED
2017-03-01T22:25:39.125Z,,E170,MEDIUM,,EHAM,,2017-03-02T08:00:00Z,2017-03-02T08:00:00Z,DERIVED,BEE,,EGBB,,,2017-03-02T07:00:00Z,2017-03-02T07:00:00Z,80a98c10-27a4-4078-877b-e694753400b8,,,DERIVED,BE101,,,,,,,,,,179,,,SCHEDULED
2017-03-01T23:54:29.563Z,GECOA,DH8D,MEDIUM,EDDL,,,2017-03-01T08:36:00Z,,RECEIVED,BEE,EGBB,,2017-03-01T07:00:00Z,,,,90091f11-00b7-4895-9993-decc2c9f3dd8,RECEIVED,BEE7LB,,,,,,,,,,,,,IFR,N0319F250 UNGAP P155 SIVDA DCT REDFA/N0316F230 UL620 PAM UP62 TEBRO TEBRO1G,PLANNED
2017-03-01T23:23:01.613Z,,DH8D,MEDIUM,,EGAC,,2017-03-01T18:15:00Z,2017-03-01T18:15:00Z,DERIVED,BEE,,EGLC,,,2017-03-01T17:05:00Z,2017-03-01T17:05:00Z,7aa03ff7-0dc9-4590-80d3-3b64f1fdc0fa,,,DERIVED,BE1358,,,,,,,,,,244,,,SCHEDULED
2017-03-01T23:23:35.432Z,,E170,MEDIUM,,LFBO,,2017-03-01T12:35:00Z,2017-03-01T12:35:00Z,DERIVED,BEE,,EGBB,,,2017-03-01T11:05:00Z,2017-03-01T11:05:00Z,ecee86ff-0f82-4d64-8a23-6bcc52f33128,,,DERIVED,BE3243,,,,,,,,,,364,,,SCHEDULED
2017-03-01T23:25:56.491Z,GFBEF,E190,MEDIUM,LEAL,,,2017-03-01T09:27:00Z,,RECEIVED,BEE,EGTE,,2017-03-01T07:15:00Z,,,,01d0062a-3843-4889-a466-f0b6c78256dc,RECEIVED,BEE2UB,,,,,,,,,,,,,IFR,N0423F350 DCT BHD N862 SKESO UN90 BASIK/N0440F370 UN26 KORER UM616 TUPAR UM184 CNA UN863 AGN UN860 RIMES/N0438F310 UN860 TATOS/N0398F310 UN860 VLC,PLANNED
2017-03-01T23:43:35.403Z,GPRPF,DH8D,MEDIUM,EGBB,,,2017-03-01T00:32:00Z,,RECEIVED,BEE,EGPH,,2017-02-28T23:15:00Z,,,,79fc3576-813c-46c4-a495-3822603f5afb,RECEIVED,BEE5HL,,,,,,,,,,,,,IFR,N0319F250 TLA N864 DCS UL612 CROFT/N0288F190,PLANNED
2017-03-01T23:43:31.035Z,GPRPF,DH8D,MEDIUM,EGBB,,,2017-02-28T22:02:00Z,,RECEIVED,BEE,EGPH,,2017-02-28T20:45:00Z,,,,79fc3576-813c-46c4-a495-3822603f5afb,RECEIVED,BEE5HL,,,,,,,,,,,,,IFR,N0319F250 TLA N864 DCS UL612 CROFT/N0288F190,PLANNED
2017-03-01T22:54:13.265Z,,DH8D,MEDIUM,,EGPD,,2017-03-01T17:15:00Z,2017-03-01T17:15:00Z,DERIVED,BEE,,EGBB,,,2017-03-01T16:10:00Z,2017-03-01T16:10:00Z,1a66d5a2-5163-463b-aae6-e69d455b6981,,,DERIVED,BE326,,,,,,,,,,264,,,SCHEDULED
2017-03-01T22:54:29.042Z,,DH8D,MEDIUM,,EGLC,,2017-03-01T16:45:00Z,2017-03-01T16:45:00Z,DERIVED,BEE,,LFPG,,,2017-03-01T15:50:00Z,2017-03-01T15:50:00Z,c21fcb07-6574-4f26-be56-78fae9299c01,,,DERIVED,BE3307,,,,,,,,,,195,,,SCHEDULED
2017-03-01T23:22:25.778Z,GECOE,DH8D,MEDIUM,EGHI,,,2017-03-01T14:04:00Z,,RECEIVED,BEE,LFRS,,2017-03-01T12:45:00Z,,,,d92f5177-931c-494e-ba54-9659fe52a7d0,RECEIVED,BEE219U,,,,,,,,,,,,,IFR,N0314F190 BALNI R14 REN/N0315F240 UN867 KOKOS UY110 ORIST Y110 ASPEN Q41 THRED,PLANNED
2017-03-01T21:01:24.221Z,GJEDW,DH8D,MEDIUM,EGPD,,,2017-02-28T22:36:00Z,,DERIVED,BEE,EGCC,,,2017-02-28T21:41:00Z,,,6dcb42e4-f71c-4313-bc79-eb6ca16c2f47,RECEIVED,BEE4ET,,,,,,,,,,,,252,,,COMPLETED
2017-03-01T23:23:34.207Z,,DH8D,MEDIUM,,EGJJ,,2017-03-01T14:57:30Z,,DERIVED,BEE,,EGHI,,,2017-03-01T14:27:30Z,,4c4cac2f-cde3-46a2-a49f-2ac3dd7ce681,,,DERIVED,BE242,,,,,,,,,,219,,,SCHEDULED
2017-03-01T22:25:50.298Z,,E170,MEDIUM,,EGCC,,2017-03-01T21:35:00Z,2017-03-01T21:35:00Z,DERIVED,BEE,,EHAM,,,2017-03-01T20:30:00Z,2017-03-01T20:30:00Z,0f14e2b5-e0c7-4d04-b59f-211366fd8bf9,,,DERIVED,BE1282,,,,,,,,,,243,,,SCHEDULED
2017-03-01T21:58:41.283Z,,DH8D,MEDIUM,,EGPF,,2017-03-01T21:35:00Z,2017-03-01T21:35:00Z,DERIVED,BEE,,EGBB,,,2017-03-01T20:40:00Z,2017-03-01T20:40:00Z,a3e11c68-ca3b-4ac7-b2ac-f7b067f0c769,,,DERIVED,BE796,,,,,,,,,,247,,,SCHEDULED
2017-03-01T20:57:35.285Z,,,,EGCC,,,,,DERIVED,BEE,EGPH,,,,,,10c5f40d-2c28-404e-8abf-e0cc051b9c2a,RECEIVED,BEE296,,,,,,,,,,,,,,,CANCELLED
2017-03-01T21:08:17.349Z,GFBJB,E170,MEDIUM,EDDS,,,2017-02-28T18:27:00Z,,RECEIVED,BEE,EGBB,,2017-02-28T16:40:00Z,,,,eb9ce895-052b-4ad8-93df-550e7fef5125,RECEIVED,BEE97B,,,,,,,,,,,,,IFR,N0451F370 ADMEX Y321 EMKUK UL612 COWLY Q70 BIG UL9 KONAN UL607 SPI UZ112 EMGOD/N0341F230 L607 RUDUS Z738 NOKDI/N0342F230 Z738 UBENO N850 KRH T128 BADSO BADSO2A,PLANNED
2017-03-01T23:23:48.122Z,,DH8D,MEDIUM,,EGCC,,2017-03-01T18:55:00Z,2017-03-01T18:55:00Z,DERIVED,BEE,,EHAM,,,2017-03-01T17:40:00Z,2017-03-01T17:40:00Z,63414ee4-e5d0-4494-9f7f-e8722168d981,,,DERIVED,BE1280,,,,,,,,,,211,,,SCHEDULED
2017-03-01T22:25:44.766Z,GFBEN,E190,MEDIUM,EGFF,,,2017-02-28T23:43:00Z,,DERIVED,BEE,EGPF,,,2017-02-28T22:55:00Z,,,d03cee09-578b-4cc0-86c1-c7cc9e29245e,RECEIVED,BEE4BF,,,,,,,,,,,,327,,,COMPLETED
2017-03-01T22:25:47.356Z,,DH8D,MEDIUM,,EGBB,,2017-03-01T16:05:00Z,2017-03-01T16:05:00Z,DERIVED,BEE,,EGAC,,,2017-03-01T15:15:00Z,2017-03-01T15:15:00Z,2b0ac9ce-672e-4193-9edf-2df0da1fd419,,,DERIVED,BE409,,,,,,,,,,236,,,SCHEDULED
2017-03-01T23:00:09.185Z,,E190,MEDIUM,,EGFF,,2017-03-01T23:25:00Z,2017-03-01T23:25:00Z,DERIVED,BEE,,EGPF,,,2017-03-01T22:35:00Z,2017-03-01T22:35:00Z,8d565cc4-29bf-45c3-b1d9-cc76f6414cf3,,,DERIVED,BE4518,,,,,,,,,,327,,,SCHEDULED
2017-03-01T21:14:15.641Z,GPRPD,DH8D,MEDIUM,EGPH,,,2017-02-28T22:01:00Z,,DERIVED,BEE,EGNX,,,2017-02-28T21:10:00Z,,,11693914-2335-47c8-9b12-e0ce24328b78,RECEIVED,BEE8BV,,,,,,,,,,,,241,,,COMPLETED
2017-03-01T23:55:40.019Z,,DH8D,MEDIUM,,EGLC,,2017-03-01T08:19:00Z,2017-03-01T08:19:00Z,DERIVED,BEE,,EGTE,,,2017-03-01T07:35:00Z,2017-03-01T07:35:00Z,b82fb428-d838-44bd-b079-55cc8df4adac,RECEIVED,BEE1301,,,,,,,,,,,,119,,,PLANNED
2017-03-01T22:02:27.175Z,GPRPA,DH8D,MEDIUM,EGTE,,,2017-02-28T22:42:00Z,,DERIVED,BEE,EGCC,,,2017-02-28T22:04:00Z,,,3daf4728-24f9-465e-980c-917a0dcfed92,RECEIVED,BEE2DB,,,,,,,,,,,,218,,,COMPLETED
2017-03-01T22:54:04.689Z,,DH8D,MEDIUM,,EGBB,,2017-03-01T09:53:00Z,2017-03-01T09:53:00Z,DERIVED,BEE,,EGPF,,,2017-03-01T09:10:00Z,2017-03-01T09:10:00Z,634b7b66-5835-4781-ade8-e9390cb766f8,,,DERIVED,BE783,,,,,,,,,,271,,,SCHEDULED
2017-03-01T23:22:33.573Z,,E170,MEDIUM,,EGBB,,2017-03-01T14:40:00Z,2017-03-01T14:40:00Z,DERIVED,BEE,,LFLL,,,2017-03-01T13:10:00Z,2017-03-01T13:10:00Z,aa589820-2e6e-4a65-a4a7-28e53cd0773d,,,DERIVED,BE3204,,,,,,,,,,324,,,SCHEDULED
2017-03-01T22:58:53.026Z,,E170,MEDIUM,,EGNX,,2017-03-01T14:25:00Z,2017-03-01T14:25:00Z,DERIVED,BEE,,EHAM,,,2017-03-01T13:25:00Z,2017-03-01T13:25:00Z,5c99d672-b15f-4d4f-966d-b7cda026c8fa,,,DERIVED,BE1094,,,,,,,,,,225,,,SCHEDULED
2017-03-01T23:22:38.172Z,,E190,MEDIUM,,EGHI,,2017-03-01T14:40:00Z,2017-03-01T14:40:00Z,DERIVED,BEE,,LEMG,,,2017-03-01T12:20:00Z,2017-03-01T12:20:00Z,4440c5ef-7800-4c91-9276-ac398cfc94c0,,,DERIVED,BE1678,,,,,,,,,,373,,,SCHEDULED
2017-03-01T23:55:46.763Z,N949BW,,,,,,,,DERIVED,BEE,,,,,,,ddfab32a-6a05-4bbd-bf5f-72249b88984a,DERIVED,BEE850,,,1222,800,82,64.53122,-165.61192,180,2017-03-01T02:38:05Z,ADSB,,,,,AIRBORNE
2017-03-01T22:30:58.131Z,,DH8D,MEDIUM,,EGHI,,2017-03-01T21:30:00Z,2017-03-01T21:30:00Z,DERIVED,BEE,,EGCC,,,2017-03-01T20:45:00Z,2017-03-01T20:45:00Z,a5368795-309c-4375-8959-bd7308faac1f,,,DERIVED,BE874,,,,,,,,,,198,,,SCHEDULED
2017-03-01T23:55:44.845Z,GFBEI,E190,MEDIUM,EGCC,,,2017-03-01T21:13:00Z,,RECEIVED,BEE,LFPG,,2017-03-01T19:50:00Z,,,,249859a5-802e-433b-abb7-d6f935e343d2,RECEIVED,BEE3132,,,,,,,,,,,,,IFR,N0430F360 ATREX UT225 VESAN UL613 SANDY UN57 LAM/N0388F300 UN57 WELIN/N0321F180 T420 TNT/N0320F180,PLANNED
2017-03-01T23:22:18.490Z,,DH8D,MEDIUM,,EHAM,,2017-03-01T11:30:00Z,2017-03-01T11:30:00Z,DERIVED,BEE,,EGBB,,,2017-03-01T10:20:00Z,2017-03-01T10:20:00Z,9aff7950-d9d2-4da2-8cfb-4897b52fb375,,,DERIVED,BE105,,,,,,,,,,205,,,SCHEDULED
2017-03-01T23:56:10.366Z,GFLBB,DH8D,MEDIUM,EGNT,,,2017-03-01T08:28:00Z,,RECEIVED,BEE,EGHI,,2017-03-01T07:00:00Z,,,,d4dd9b2d-1a26-43fb-8bf5-2082ef2587fc,RECEIVED,BEE25K,,,,,,,,,,,,,IFR,N0254F070 DCT NORRY/N0286F110 Q41 WCO/N0316F240 DCT DTY Y250 GASKO P18 NATEB DCT,PLANNED
2017-03-01T21:03:17.621Z,,,,EGPD,,2017-02-28T22:51:12Z,,,DERIVED,BEE,EGCC,,,,,,6dcb42e4-f71c-4313-bc79-eb6ca16c2f47,RECEIVED,BEE1047,,,,,,,,,,,,,,,COMPLETED
2017-03-01T22:59:35.199Z,,DH8D,MEDIUM,,EGTE,,2017-03-01T09:45:00Z,2017-03-01T09:45:00Z,DERIVED,BEE,,EGCC,,,2017-03-01T09:00:00Z,2017-03-01T09:00:00Z,e8712af2-697f-40e3-a740-29474377ce51,,,DERIVED,BE372,,,,,,,,,,151,,,SCHEDULED
2017-03-01T23:22:50.406Z,,DH8D,MEDIUM,,EGPH,,2017-03-01T13:30:00Z,2017-03-01T13:30:00Z,DERIVED,BEE,,EGHI,,,2017-03-01T12:20:00Z,2017-03-01T12:20:00Z,df3c782d-49a1-41c5-89a4-74c9647b3c27,,,DERIVED,BE765,,,,,,,,,,265,,,SCHEDULED
2017-03-01T23:43:46.279Z,N949BW,,,,,,,,DERIVED,BEE,,,,,,,ddfab32a-6a05-4bbd-bf5f-72249b88984a,DERIVED,BEE850,,,1222,700,104,64.52885,-165.56671,154,2017-03-01T02:38:30Z,ADSB,,,,,AIRBORNE
2017-03-01T21:09:22.617Z,GFBJB,E170,MEDIUM,EGBB,,,2017-02-28T20:59:00Z,,RECEIVED,BEE,EDDS,,2017-02-28T19:10:00Z,,,,38812858-c8db-41b0-9171-fb9cd6215539,RECEIVED,BEE5RA,,,,,,,,,,,,,IFR,N0460F380 VESID2H VESID Y127 TUDGA Z114 ADENU UL608 LIRSU DCT DENUT UL610 TEBRA/N0372F280 UL610 LAM/N0337F220 L610 HEMEL T420 BUZAD,PLANNED
2017-03-01T22:00:55.754Z,EIREM,,,,,,,,DERIVED,BEE,,,,2016-01-11T15:44:58Z,,,f2aa862e-aedf-4a32-8b16-f0043cd7a2e1,RECEIVED,BEE3VH,,,,,,,,,,,,0,,,AIRBORNE
2017-03-01T22:25:31.630Z,,,,,,,,,DERIVED,BEE,,,,,,,4e96186d-165d-4fbc-b1bf-33dbfa2cae9a,RECEIVED,BEE852,,,,,178,52.45386,-1.74803,,2017-02-28T23:30:01Z,ESTIMATED,,,,,AIRBORNE
2017-03-01T21:09:32.775Z,GFBJI,E170,MEDIUM,EDDL,,,2017-02-28T08:21:00Z,,RECEIVED,BEE,EGCC,,2017-02-28T06:55:00Z,,,,7d82caff-5da5-480e-a267-828ef211ccc0,RECEIVED,BEE239V,,,,,,,,,,,,,IFR,N0416F330 SONEX DCT DESIG L603 MAMUL UL603 BASNO UL620 PAM/N0364F270 UP62 TEBRO/N0322F190 TEBRO1G,PLANNED
2017-03-01T23:55:28.415Z,GECOR,DH8D,MEDIUM,EGHI,,,2017-03-01T20:02:00Z,,RECEIVED,BEE,EHAM,,2017-03-01T18:20:00Z,,,,2b443151-7307-4ada-bed7-03870c2ea263,RECEIVED,BEE6PH,,,,,,,,,,,,,IFR,N0317F240 VALKO UL980 XAMAN L980 TRIPO DCT UMBUR/N0310F160,PLANNED
2017-03-01T22:25:16.483Z,,DH8D,MEDIUM,,EGBB,,2017-03-01T10:00:00Z,2017-03-01T10:00:00Z,DERIVED,BEE,,EGPF,,,2017-03-01T09:10:00Z,2017-03-01T09:10:00Z,634b7b66-5835-4781-ade8-e9390cb766f8,,,DERIVED,BE783,,,,,,,,,,271,,,SCHEDULED
2017-03-01T23:23:47.261Z,GFBJE,E170,MEDIUM,LIMC,,,2017-03-01T18:41:00Z,,RECEIVED,BEE,EGCC,,2017-03-01T16:40:00Z,,,,d2fb6623-95f5-41fb-bc6c-cdc5fbbdd5e9,RECEIVED,BEE5XD,,,,,,,,,,,,,IFR,N0424F350 SANBA UN859 HON UL612 COWLY/N0443F370 UL612 MILPA UM135 MOBLO/N0393F290 UM135 LURAG M135 VEROB/N0341F210 M135 TOP/N0337F200,PLANNED
2017-03-01T23:25:23.151Z,,DH8D,MEDIUM,,EGLC,,2017-03-01T18:40:00Z,2017-03-01T18:40:00Z,DERIVED,BEE,,EDDL,,,2017-03-01T17:30:00Z,2017-03-01T17:30:00Z,c29e6228-035e-4472-90ef-45eafdb0054b,,,DERIVED,BE1409,,,,,,,,,,216,,,SCHEDULED
2017-03-01T22:58:42.963Z,,E190,MEDIUM,,EGPH,,2017-03-01T17:55:00Z,2017-03-01T17:55:00Z,DERIVED,BEE,,EGFF,,,2017-03-01T16:55:00Z,2017-03-01T16:55:00Z,dd7ed7ed-1724-4278-8e94-3b510addba3e,,,DERIVED,BE4507,,,,,,,,,,274,,,SCHEDULED
2017-03-01T22:54:33.593Z,GECOC,DH8D,MEDIUM,EGAC,,,2017-02-28T20:47:00Z,,RECEIVED,BEE,EGCC,,2017-02-28T19:40:00Z,,,,d4687ba5-71eb-4345-ac72-19e59a10c0d9,RECEIVED,BEE2HR,,,,,,,,,,,,,IFR,N0316F200 ASMIM L975 WAL L10 IOM DCT NELBO DCT MAGEE DCT,PLANNED
2017-03-01T22:25:09.276Z,,DH8D,MEDIUM,,EGCC,,2017-03-01T16:10:00Z,2017-03-01T16:10:00Z,DERIVED,BEE,,EGAC,,,2017-03-01T15:30:00Z,2017-03-01T15:30:00Z,ca6af658-4e5f-4112-b02c-5d35a0fb4f92,,,DERIVED,BE481,,,,,,,,,,222,,,SCHEDULED
2017-03-01T21:57:32.117Z,,DH8D,MEDIUM,,EGPF,,2017-03-01T19:42:30Z,,DERIVED,BEE,,EGAC,,,2017-03-01T19:12:30Z,,9698b477-4d25-47aa-8c9b-8c50afc6c687,,,DERIVED,BE134,,,,,,,,,,181,,,SCHEDULED
2017-03-01T23:55:59.221Z,GFBJH,E170,MEDIUM,EGCC,,,2017-03-01T15:25:00Z,,RECEIVED,BEE,LFPG,,2017-03-01T14:00:00Z,,,,3c8dc56a-d4f6-442d-9447-4b66945398b1,RECEIVED,BEE954K,,,,,,,,,,,,,IFR,N0430F360 ATREX UT225 VESAN UL613 SANDY UN57 LAM/N0388F300 UN57 WELIN/N0323F180 T420 ELVOS/N0322F180 T420 TNT,PLANNED
2017-03-01T23:23:06.214Z,,DH8D,MEDIUM,,EGBB,,2017-03-01T16:50:00Z,2017-03-01T16:50:00Z,DERIVED,BEE,,EGPF,,,2017-03-01T15:55:00Z,2017-03-01T15:55:00Z,f8c2736e-8863-480c-8ca7-31acefd11bd8,,,DERIVED,BE789,,,,,,,,,,247,,,SCHEDULED
2017-03-01T21:59:59.826Z,,,,,,,,,DERIVED,BEE,,,,,,,4e96186d-165d-4fbc-b1bf-33dbfa2cae9a,RECEIVED,BEE852,,,,,178,52.45386,-1.74803,,2017-02-28T22:53:01Z,ESTIMATED,,,,,AIRBORNE
2017-03-01T23:23:10.401Z,,DH8D,MEDIUM,,EGCC,,2017-03-01T13:10:00Z,2017-03-01T13:10:00Z,DERIVED,BEE,,EGPD,,,2017-03-01T12:10:00Z,2017-03-01T12:10:00Z,d6cde7ab-ac88-47b7-94af-8eabaaa6877d,,,DERIVED,BE1036,,,,,,,,,,231,,,SCHEDULED
2017-03-01T22:26:16.329Z,,DH8D,MEDIUM,,EHAM,,2017-03-01T14:15:00Z,2017-03-01T14:15:00Z,DERIVED,BEE,,EGPH,,,2017-03-01T12:35:00Z,2017-03-01T12:35:00Z,d1b27d8f-50f8-4ea5-ac7a-1e490313f1b1,,,DERIVED,BE1284,,,,,,,,,,217,,,SCHEDULED
2017-03-01T21:57:30.831Z,GFBJK,E170,MEDIUM,EGAC,,,2017-02-28T16:30:00Z,,RECEIVED,BEE,EGCC,,2017-02-28T15:35:00Z,,,,54b8dfc9-0c49-44aa-b214-219d6f719b40,RECEIVED,BEE5BU,,,,,,,,,,,,,IFR,N0328F200 ASMIM L975 WAL L10 IOM DCT NELBO DCT MAGEE DCT,PLANNED
2017-03-01T22:53:00.344Z,EIREM,,,,,,,,DERIVED,BEE,,,,2016-01-11T15:44:58Z,,,f2aa862e-aedf-4a32-8b16-f0043cd7a2e1,RECEIVED,BEE3VH,,,,,,,,,,,,0,,,AIRBORNE
2017-03-01T23:24:59.493Z,GFBJG,E170,MEDIUM,EGBB,,,2017-03-01T21:58:00Z,,RECEIVED,BEE,LIMC,,2017-03-01T19:40:00Z,,,,fd9cc0d0-4edd-4fdd-b0e3-9f7a2481da1b,RECEIVED,BEE754H,,,,,,,,,,,,,IFR,N0414F340 AOSTA UM729 DJL UH37 BRY UM976 ABNUR/N0365F260 UT10 ALESO UT420 BIG/N0343F220 T420 BUZAD,PLANNED
2017-03-01T23:22:05.928Z,N949BW,BE20,,,,,,,DERIVED,BEE,PAOM,,,2017-03-01T00:27:40Z,,,e58016e6-fa1a-43b3-853e-806472029b12,DERIVED,BEE850,,,,,,,,,,,,0,,,AIRBORNE
2017-03-01T23:21:35.985Z,N949BW,,,,,,,,DERIVED,BEE,PAOM,,,,,,e58016e6-fa1a-43b3-853e-806472029b12,DERIVED,BEE850,,,,,,,,,,,,,,,COMPLETED
2017-03-01T21:57:59.570Z,GFBEN,E190,MEDIUM,EGFF,,,2017-02-28T23:46:16Z,,DERIVED,BEE,EGPF,,,2017-02-28T22:56:16Z,,,d03cee09-578b-4cc0-86c1-c7cc9e29245e,RECEIVED,BEE4BF,,,,,,,,,,,,,,,AIRBORNE
2017-03-01T21:56:29.744Z,,DH8D,MEDIUM,,EGCC,,2017-03-01T07:50:00Z,2017-03-01T07:50:00Z,DERIVED,BEE,,EGPH,,,2017-03-01T07:00:00Z,2017-03-01T07:00:00Z,3956d8e5-e01b-4741-bc57-317aad796559,,,DERIVED,BE290,,,,,,,,,,138,,,SCHEDULED
2017-03-01T22:58:20.292Z,,DH8D,MEDIUM,,EGHI,,2017-03-01T16:07:30Z,,DERIVED,BEE,,EGJJ,,,2017-03-01T15:37:30Z,,c75e8a89-40d8-44c9-8555-3a0565121159,,,DERIVED,BE243,,,,,,,,,,219,,,SCHEDULED
2017-03-01T22:24:41.660Z,,DH8D,MEDIUM,,EGBB,,2017-03-01T18:20:00Z,2017-03-01T18:20:00Z,DERIVED,BEE,,EGPF,,,2017-03-01T17:25:00Z,2017-03-01T17:25:00Z,4e66550c-b9ff-4f9f-a699-3020498b7416,,,DERIVED,BE791,,,,,,,,,,247,,,SCHEDULED
2017-03-01T22:27:16.114Z,,E170,MEDIUM,,EHAM,,2017-03-01T12:30:00Z,2017-03-01T12:30:00Z,DERIVED,BEE,,EGBB,,,2017-03-01T11:35:00Z,2017-03-01T11:35:00Z,217b8caa-53f8-402e-b7ad-1f6d0c76154f,,,DERIVED,BE107,,,,,,,,,,261,,,SCHEDULED
2017-03-01T22:59:05.853Z,,DH8D,MEDIUM,,EGLC,,2017-03-01T08:25:00Z,2017-03-01T08:25:00Z,DERIVED,BEE,,EGTE,,,2017-03-01T07:35:00Z,2017-03-01T07:35:00Z,b82fb428-d838-44bd-b079-55cc8df4adac,,,DERIVED,BE1301,,,,,,,,,,119,,,SCHEDULED
2017-03-01T22:24:39.822Z,,,,,,,,,DERIVED,BEE,,,,,,,4e96186d-165d-4fbc-b1bf-33dbfa2cae9a,RECEIVED,BEE852,,,,,178,52.45386,-1.74803,,2017-02-28T23:41:02Z,ESTIMATED,,,,,AIRBORNE
2017-03-01T21:56:19.536Z,,DH8D,MEDIUM,,EGCC,,2017-03-01T13:10:00Z,2017-03-01T13:10:00Z,DERIVED,BEE,,EGPD,,,2017-03-01T12:10:00Z,2017-03-01T12:10:00Z,d6cde7ab-ac88-47b7-94af-8eabaaa6877d,,,DERIVED,BE1036,,,,,,,,,,231,,,SCHEDULED
2017-03-01T21:56:19.322Z,,E170,MEDIUM,,EGCC,,2017-03-01T10:50:00Z,2017-03-01T10:50:00Z,DERIVED,BEE,,EDDL,,,2017-03-01T09:30:00Z,2017-03-01T09:30:00Z,e7a45252-d3c0-4eb3-83a8-e283f00777f7,,,DERIVED,BE7212,,,,,,,,,,266,,,SCHEDULED
2017-03-01T23:55:20.478Z,GJECK,DH8D,MEDIUM,EGPF,,,2017-03-01T18:21:00Z,,RECEIVED,BEE,EGHI,,2017-03-01T16:40:00Z,,,,28cdd6e7-9c9e-4705-aabc-e6bd46174698,RECEIVED,BEE2EY,,,,,,,,,,,,,IFR,N0256F070 DCT NORRY/N0253F110 Q41 WCO/N0312F160 DCT DTY DCT SAPCO/N0317F240 N57 POL N601 RIBEL,PLANNED
2017-03-01T22:52:21.942Z,,DH8D,MEDIUM,,EGTE,,2017-03-01T12:30:00Z,2017-03-01T12:30:00Z,DERIVED,BEE,,LFPG,,,2017-03-01T11:20:00Z,2017-03-01T11:20:00Z,f1f20a85-07b9-402a-b062-f16dbdfe9f5b,,,DERIVED,BE3504,,,,,,,,,,217,,,SCHEDULED
2017-03-01T22:24:16.094Z,,DH8D,MEDIUM,,EHAM,,2017-03-01T09:05:00Z,2017-03-01T09:05:00Z,DERIVED,BEE,,EGBB,,,2017-03-01T08:05:00Z,2017-03-01T08:05:00Z,b959765c-1d59-4250-ae19-fbb06f5000d4,,,DERIVED,BE103,,,,,,,,,,179,,,SCHEDULED
2017-03-01T23:22:36.206Z,,DH8D,MEDIUM,,EHAM,,2017-03-01T15:10:00Z,2017-03-01T15:10:00Z,DERIVED,BEE,,EGHI,,,2017-03-01T14:10:00Z,2017-03-01T14:10:00Z,abfa98bd-97a1-4c34-864b-9748bac1a9e5,,,DERIVED,BE1015,,,,,,,,,,243,,,SCHEDULED
2017-03-01T22:23:52.321Z,,,,,,,,,DERIVED,BEE,,,,,,,176834c4-bf35-44d1-ac33-06f8127105e9,RECEIVED,BEE855,,,,,281,55.93967,-3.2735,,2017-02-28T23:26:00Z,ESTIMATED,,,,,AIRBORNE
2017-03-01T22:52:32.210Z,,DH8D,MEDIUM,,EGAC,,2017-03-01T21:12:30Z,,DERIVED,BEE,,EGPF,,,2017-03-01T20:42:30Z,,350b440a-fac5-4b91-86c7-b7be3c05386d,,,DERIVED,BE137,,,,,,,,,,181,,,SCHEDULED
2017-03-01T23:54:54.057Z,GJECG,DH8D,MEDIUM,EGBB,,,2017-03-01T19:27:00Z,,RECEIVED,BEE,EGAC,,2017-03-01T18:15:00Z,,,,59afd2ad-bebd-4cce-b627-3e4f7f283afb,RECEIVED,BEE1SA,,,,,,,,,,,,,IFR,N0313F230 DCT DUFFY L15 AMPIT,PLANNED
2017-03-01T21:04:31.818Z,GJECZ,DH8D,MEDIUM,EGHI,,,2017-02-28T10:31:00Z,,RECEIVED,BEE,LFPO,,2017-02-28T09:05:00Z,,,,75fb09d7-f89d-484d-810a-e08892530dde,RECEIVED,BEE154A,,,,,,,,,,,,,IFR,N0293F130 OPALE/N0312F220 UT421 KUNAV N20 ELDAX/N0314F180,PLANNED
2017-03-01T22:01:51.896Z,GFLBA,DH8D,MEDIUM,EGTE,,,2017-02-28T11:26:00Z,,RECEIVED,BEE,EGJB,,2017-02-28T10:35:00Z,,,,229132f0-2370-4ecc-97d7-cc218fda73bf,RECEIVED,BEE041D,,,,,,,,,,,,,IFR,N0295F160 SKERY N862 BHD DCT,PLANNED
2017-03-01T23:23:14.768Z,,DH8D,MEDIUM,,EGHI,,2017-03-01T17:47:30Z,,DERIVED,BEE,,EGJJ,,,2017-03-01T17:17:30Z,,8a4eff55-29b9-476c-8398-cc5f21835af2,,,DERIVED,BE246,,,,,,,,,,219,,,SCHEDULED
2017-03-01T22:03:24.632Z,,,,,,,,,DERIVED,BEE,,,,,,,3daf4728-24f9-465e-980c-917a0dcfed92,RECEIVED,BEE378,,,,,256,50.73444,-3.41389,,2017-02-28T22:42:01Z,ESTIMATED,,,,,AIRBORNE
2017-03-01T23:25:32.496Z,GJECN,DH8D,MEDIUM,EIDW,,,2017-03-01T20:38:00Z,,RECEIVED,BEE,EGHI,,2017-03-01T18:55:00Z,,,,2e990c3c-154d-4cfc-ad95-af52b46c8cba,RECEIVED,BEE4WC,,,,,,,,,,,,,IFR,N0304F140 DCT TABEN DCT KENET/N0296F240 L9 MALBY/N0316F240 L9 STU M17 VATRY/N0316F190 VATRY1R,PLANNED
2017-03-01T22:33:19.986Z,,DH8D,MEDIUM,,EGPH,,2017-03-01T09:55:00Z,2017-03-01T09:55:00Z,DERIVED,BEE,,EGNX,,,2017-03-01T09:05:00Z,2017-03-01T09:05:00Z,aeefa0ff-7bce-4f3f-ae1f-1828eacb8169,,,DERIVED,BE262,,,,,,,,,,172,,,SCHEDULED
2017-03-01T23:27:19.106Z,GJECN,DH8D,MEDIUM,EGAC,,,2017-03-01T08:50:00Z,,RECEIVED,BEE,EGHI,,2017-03-01T07:00:00Z,,,,8d9347f0-43af-42f8-b51b-f86d22b9f797,RECEIVED,BEE5DV,,,,,,,,,,,,,IFR,N0254F070 DCT NORRY/N0285F110 Q41 WCO/N0315F240 DCT DTY DCT SAPCO N57 TNT L28 PENIL L10 IOM DCT NELBO DCT MAGEE DCT,PLANNED
2017-03-01T23:53:50.768Z,GPRPG,DH8D,MEDIUM,EGLC,,,2017-03-01T09:24:00Z,,RECEIVED,BEE,EGFF,,2017-03-01T08:00:00Z,,,,8c288147-c4c2-40b0-8367-c5f084164eee,RECEIVED,BEE1323,,,,,,,,,,,,,IFR,N0300F140 BCN/N0312F170 L9 KENET,PLANNED
2017-03-01T23:53:26.318Z,,E170,MEDIUM,,EGBB,,2017-03-01T09:49:00Z,2017-03-01T09:49:00Z,DERIVED,BEE,,EGPH,,,2017-03-01T09:10:00Z,2017-03-01T09:10:00Z,a0ba1ae8-bf22-4b52-8813-ec28e5b7aeb5,,,DERIVED,BE842,,,,,,,,,,262,,,SCHEDULED
2017-03-01T22:05:30.246Z,N949BW,,,,,,,,DERIVED,BEE,,,,,,,e58016e6-fa1a-43b3-853e-806472029b12,DERIVED,BEE850,,,1222,3900,252,64.47391,-165.63834,160,2017-03-01T00:29:20Z,ADSB,,,,,AIRBORNE
2017-03-01T22:27:28.995Z,,DH8D,MEDIUM,,EGBB,,2017-03-01T19:50:00Z,2017-03-01T19:50:00Z,DERIVED,BEE,,EGPF,,,2017-03-01T18:55:00Z,2017-03-01T18:55:00Z,32c1904c-c417-4b8c-8306-0663ffccebc6,,,DERIVED,BE793,,,,,,,,,,247,,,SCHEDULED
2017-03-01T22:33:12.695Z,,DH8D,MEDIUM,,EGBB,,2017-03-01T19:15:00Z,2017-03-01T19:15:00Z,DERIVED,BEE,,EGAC,,,2017-03-01T18:25:00Z,2017-03-01T18:25:00Z,59afd2ad-bebd-4cce-b627-3e4f7f283afb,,,DERIVED,BE415,,,,,,,,,,236,,,SCHEDULED
2017-03-01T23:54:39.383Z,GECOG,DH8D,MEDIUM,EGCC,,,2017-03-01T11:20:00Z,,RECEIVED,BEE,EGAC,,2017-03-01T10:20:00Z,,,,03600d24-6528-444c-ba55-690281c710a1,RECEIVED,BEE1MD,,,,,,,,,,,,,IFR,N0315F190 DCT DUFFY DCT PEPOD L15 MAKUX,PLANNED
2017-03-01T20:59:10.015Z,,,,,,,,,DERIVED,BEE,,,,,,,3daf4728-24f9-465e-980c-917a0dcfed92,RECEIVED,BEE378,,,,,1,50.73444,-3.41389,,2017-02-28T22:44:01Z,ESTIMATED,,,,,AIRBORNE
2017-03-01T22:01:58.992Z,,DH8D,MEDIUM,,EIDW,,2017-03-01T11:20:00Z,2017-03-01T11:20:00Z,DERIVED,BEE,,EGHI,,,2017-03-01T10:20:00Z,2017-03-01T10:20:00Z,7963dd0a-3f6b-4fbe-8eae-f4363ffa46ac,,,DERIVED,BE383,,,,,,,,,,234,,,SCHEDULED
2017-03-01T23:48:52.326Z,GPRPF,DH8D,MEDIUM,EGBB,,,2017-03-01T01:22:00Z,,RECEIVED,BEE,EGPH,,2017-03-01T00:05:00Z,,,,79fc3576-813c-46c4-a495-3822603f5afb,RECEIVED,BEE5HL,,,,,,,,,,,,,IFR,N0319F250 TLA N864 DCS UL612 CROFT/N0288F190,PLANNED
2017-03-01T22:33:09.210Z,,DH8D,MEDIUM,,EGLC,,2017-03-01T08:25:00Z,2017-03-01T08:25:00Z,DERIVED,BEE,,EGTE,,,2017-03-01T07:35:00Z,2017-03-01T07:35:00Z,b82fb428-d838-44bd-b079-55cc8df4adac,,,DERIVED,BE1301,,,,,,,,,,119,,,SCHEDULED
2017-03-01T20:59:24.697Z,GFBJA,E170,MEDIUM,LFLL,,,2017-02-28T12:16:00Z,,RECEIVED,BEE,EGBB,,2017-02-28T10:40:00Z,,,,a49769d1-473f-44af-8865-79ef2034a1e1,RECEIVED,BEE672J,,,,,,,,,,,,,IFR,N0398F310 ADMEX Y321 EMKUK UL612 WOD/N0416F330 UL612 MID/N0434F350 UL612 OKEKO/N0369F270 UL612 OKIRA/N0335F210 UL612 MOU/N0314F170,PLANNED
2017-03-01T22:02:15.445Z,GFBEJ,E190,MEDIUM,LEAL,,,2017-02-28T10:29:00Z,,RECEIVED,BEE,EGCN,,2017-02-28T07:45:00Z,,,,56a8dccf-526d-48d1-8e3c-9a7bc369f253,RECEIVED,BEE41DK,,,,,,,,,,,,,IFR,N0434F350 UPTON L975 BARTN UL612 LISTO/N0454F370 UL612 HON UN859 BALAN UL152 MAKOX UN860 SAURA/N0397F310 UN860 VLC/N0363F180,PLANNED
2017-03-01T23:03:17.236Z,,E170,MEDIUM,,EGCN,,2017-03-01T14:20:00Z,2017-03-01T14:20:00Z,DERIVED,BEE,,EHAM,,,2017-03-01T13:25:00Z,2017-03-01T13:25:00Z,8bb4b715-0542-43c5-83d3-a2aa974b710d,,,DERIVED,BE4414,,,,,,,,,,241,,,SCHEDULED
2017-03-01T23:52:34.041Z,GJEDW,DH8D,MEDIUM,EGPD,,,2017-03-01T17:39:00Z,,RECEIVED,BEE,EGBB,,2017-03-01T16:00:00Z,,,,1a66d5a2-5163-463b-aae6-e69d455b6981,RECEIVED,BEE1RD,,,,,,,,,,,,,IFR,N0315F240 TNT N57 POL N601 GRICE P600 ADN DCT,PLANNED
2017-03-01T20:58:58.846Z,,,,,,,,,DERIVED,BEE,,,,,,,24c5206b-ca16-4e93-9ce5-2538ecd5cdac,RECEIVED,BEE1878,,,,,183,50.95026,-1.3568,,2017-02-28T22:14:02Z,ESTIMATED,,,,,AIRBORNE
2017-03-01T23:28:06.180Z,GJECO,DH8D,MEDIUM,EHAM,,,2017-03-01T19:12:00Z,,RECEIVED,BEE,EGHI,,2017-03-01T17:55:00Z,,,,016ef182-f972-4b3a-81f2-8e10b2b19448,RECEIVED,BEE9MK,,,,,,,,,,,,,IFR,N0254F070 DCT GWC/N0309F170 DCT OCK/N0314F250 UM185 BPK Q295 CLN UL620 REDFA,PLANNED
2017-03-01T21:06:14.748Z,GFBJD,E170,MEDIUM,EGCC,,,2017-02-28T15:49:00Z,,RECEIVED,BEE,LFBO,,2017-02-28T13:40:00Z,,,,5b5b5478-a0db-412e-a323-98d9c1c8e1e0,RECEIVED,BEE196M,,,,,,,,,,,,,IFR,N0436F360 LACOU UM184 CNA UN863 KOKOS UN867 KATHY UL980 AVANT/N0433F350 DCT HEMEL/N0424F340 UT420 WELIN/N0347F240 UT420 AKUPA T420 TIMPO/N0347F200 T420 TNT/N0328F200,PLANNED
2017-03-01T22:54:03.573Z,,E190,MEDIUM,,EIDW,,2017-03-01T07:50:00Z,2017-03-01T07:50:00Z,DERIVED,BEE,,EGFF,,,2017-03-01T07:10:00Z,2017-03-01T07:10:00Z,506769f6-ec4a-477a-b9c9-74a438be351d,,,DERIVED,BE4521,,,,,,,,,,163,,,SCHEDULED
2017-03-01T22:27:42.395Z,,DH8D,MEDIUM,,EGPF,,2017-03-01T08:20:00Z,2017-03-01T08:20:00Z,DERIVED,BEE,,EGHI,,,2017-03-01T07:10:00Z,2017-03-01T07:10:00Z,040edbe0-4008-4ba5-b02a-250011b0565c,,,DERIVED,BE880,,,,,,,,,,211,,,SCHEDULED
2017-03-01T23:53:03.943Z,GECOC,DH8D,MEDIUM,EGPH,,,2017-03-01T18:00:00Z,,RECEIVED,BEE,EGCC,,2017-03-01T16:55:00Z,,,,956adec6-5e2b-4f8a-b012-b80bde7c45fa,RECEIVED,BEE547D,,,,,,,,,,,,,IFR,N0316F220 POL N601 ESKDO,PLANNED
2017-03-01T23:25:56.287Z,,DH8D,MEDIUM,,EGPF,,2017-03-01T17:27:30Z,,DERIVED,BEE,,EGAC,,,2017-03-01T16:57:30Z,,ef88705b-619a-40ac-9629-b6ac9844f215,,,DERIVED,BE132,,,,,,,,,,181,,,SCHEDULED
2017-03-01T23:54:05.595Z,GFBJJ,E170,MEDIUM,EGPH,,,2017-03-01T08:07:00Z,,RECEIVED,BEE,EGBB,,2017-03-01T07:00:00Z,,,,fa881982-e346-49b7-8a15-3db805828a86,RECEIVED,BEE1VX,,,,,,,,,,,,,IFR,N0377F280 TNT N57 POL UN601 ABEVI/N0330F200 N601 ESKDO/N0323F190,PLANNED
2017-03-01T22:56:36.375Z,,DH8D,MEDIUM,,EGHI,,2017-03-01T17:45:00Z,2017-03-01T17:45:00Z,DERIVED,BEE,,EIDW,,,2017-03-01T16:45:00Z,2017-03-01T16:45:00Z,376befee-6b1e-4bbd-97da-265855a8184b,,,DERIVED,BE386,,,,,,,,,,234,,,SCHEDULED
2017-03-01T22:32:59.105Z,EIREM,,,,,,,,DERIVED,BEE,,,,2016-01-11T15:44:58Z,,,f2aa862e-aedf-4a32-8b16-f0043cd7a2e1,RECEIVED,BEE3VH,,,,,,,,,,,,0,,,AIRBORNE
2017-03-01T23:29:30.652Z,GJECF,DH8D,MEDIUM,EGBB,,,2017-03-01T18:33:00Z,,RECEIVED,BEE,EDDL,,2017-03-01T16:20:00Z,,,,5bc34c1d-5e61-4da2-8764-1ae2f01bd92c,RECEIVED,BEE9LH,,,,,,,,,,,,,IFR,N0319F240 MODRU6Z MODRU Z717 GOBNO UZ717 MAS UM617 SOGRI UL608 SASKI UL179 GILTI L179 LAM/N0316F220 L610 HEMEL T420 BUZAD/N0311F160,PLANNED
2017-03-01T21:05:19.274Z,GFBXD,,,,,,,,DERIVED,BEE,,,,,,,70fa49fa-20df-48a2-83c0-d1d0b4e640a3,RECEIVED,BEE4238,,,2533,5400,75,60.42802,22.49617,278,2017-02-28T22:18:54Z,ADSB,,,,,AIRBORNE
2017-03-01T22:57:21.504Z,,DH8D,MEDIUM,,EGLC,,2017-03-01T08:50:00Z,2017-03-01T08:50:00Z,DERIVED,BEE,,EGPH,,,2017-03-01T07:20:00Z,2017-03-01T07:20:00Z,d29db50a-77d5-48d8-9331-624992c84d98,,,DERIVED,BE1333,,,,,,,,,,160,,,SCHEDULED
2017-03-01T23:55:13.542Z,GJECI,DH8D,MEDIUM,EGCC,,,2017-03-01T09:56:00Z,,RECEIVED,BEE,EGJJ,,2017-03-01T08:30:00Z,,,,11d36177-9372-49e8-91c9-99740d56177a,RECEIVED,BEE4KH,,,,,,,,,,,,,IFR,N0311F170 ORTAC Q41 WCO/N0307F160 DCT DTY DCT SAPCO N57 TNT,PLANNED
2017-03-01T22:02:07.302Z,,,,,,,,,DERIVED,BEE,,,,,,,b6096b15-dac3-475b-b1c9-a2a6988393db,RECEIVED,BEE7358,,,,,0,53.35374,-2.27495,,2017-02-28T22:55:03Z,ESTIMATED,,,,,AIRBORNE
2017-03-01T22:26:41.655Z,,E170,MEDIUM,,EHAM,,2017-03-01T12:30:00Z,2017-03-01T12:30:00Z,DERIVED,BEE,,EGCN,,,2017-03-01T11:40:00Z,2017-03-01T11:40:00Z,a2a0cd44-e61a-476c-b07a-75da468781d8,,,DERIVED,BE4413,,,,,,,,,,265,,,SCHEDULED
2017-03-01T22:13:36.574Z,,,,,,,,,DERIVED,BEE,,,,,,,4e96186d-165d-4fbc-b1bf-33dbfa2cae9a,RECEIVED,BEE852,,,,,178,52.45386,-1.74803,,2017-02-28T23:22:02Z,ESTIMATED,,,,,AIRBORNE
2017-03-01T21:06:05.903Z,,,,,,,,,DERIVED,BEE,,,,,,,70fa49fa-20df-48a2-83c0-d1d0b4e640a3,RECEIVED,BEE4238,,,,,68,60.07705,19.93865,,2017-02-28T22:04:03Z,ESTIMATED,,,,,AIRBORNE
2017-03-01T22:26:23.649Z,,E190,MEDIUM,,LFPG,,2017-03-01T10:35:00Z,2017-03-01T10:35:00Z,DERIVED,BEE,,EGFF,,,2017-03-01T09:30:00Z,2017-03-01T09:30:00Z,673f13dd-a3ed-4422-b9bb-423a6473081b,,,DERIVED,BE4565,,,,,,,,,,247,,,SCHEDULED
2017-03-01T23:28:26.123Z,GPRPA,DH8D,MEDIUM,EHAM,,,2017-03-01T11:47:00Z,,RECEIVED,BEE,EGTE,,2017-03-01T10:20:00Z,,,,458ca3cf-a6a0-4758-b42b-35099bb5c6fb,RECEIVED,BEE2UD,,,,,,,,,,,,,IFR,N0316F230 DCT GIBSO L620 MID M185 BPK Q295 CLN L620 REDFA,PLANNED
2017-03-01T22:32:50.006Z,,DH8D,MEDIUM,,EGPF,,2017-03-01T14:00:00Z,2017-03-01T14:00:00Z,DERIVED,BEE,,EGBB,,,2017-03-01T13:05:00Z,2017-03-01T13:05:00Z,a0173979-27da-41db-a1b2-e0ebbe239b2b,,,DERIVED,BE788,,,,,,,,,,247,,,SCHEDULED
2017-03-01T22:01:39.215Z,EIREM,AT75,,EGCC,,,2017-02-28T11:18:00Z,,RECEIVED,BEE,EGNS,,2017-02-28T10:40:00Z,,,,902d1856-a4e3-4240-b586-9a6cad3ccd9a,RECEIVED,BEE9PD,,,,,,,,,,,,,IFR,N0287F130 IOM,PLANNED
2017-03-01T22:05:24.689Z,N949BW,,,,,,,,DERIVED,BEE,,,,,,,e58016e6-fa1a-43b3-853e-806472029b12,DERIVED,BEE850,,,1222,2500,222,64.49478,-165.58319,153,2017-03-01T00:28:35Z,ADSB,,,,,AIRBORNE
2017-03-01T22:13:37.301Z,,DH8D,MEDIUM,,EGJB,,2017-03-01T17:10:50Z,,DERIVED,BEE,,EGJJ,,,2017-03-01T16:54:10Z,,e196a975-aa0a-4856-823c-469a97c28f39,,,DERIVED,BE312,,,,,,,,,,75,,,SCHEDULED
2017-03-01T23:25:15.176Z,,DH8D,MEDIUM,,EGAC,,2017-03-01T16:17:30Z,,DERIVED,BEE,,EGPF,,,2017-03-01T15:47:30Z,,c6c71b33-73d8-4220-8568-6a5e64bc95a5,,,DERIVED,BE131,,,,,,,,,,181,,,SCHEDULED
2017-03-01T22:56:26.406Z,GJECI,DH8D,MEDIUM,EGCC,,,2017-02-28T23:09:00Z,,RECEIVED,BEE,EGHI,,2017-02-28T22:00:00Z,,,,d4daf7c8-383b-441e-bc21-7af0d41fa963,RECEIVED,BEE1MA,,,,,,,,,,,,,IFR,N0254F070 DCT NORRY/N0284F110 Q41 WCO/N0315F200 DCT DTY Y250 AKUPA T420 TNT,PLANNED
2017-03-01T21:05:11.860Z,GFBJH,E170,MEDIUM,EGCC,,,2017-02-28T22:59:09Z,,DERIVED,BEE,EGPD,,,2017-02-28T22:03:00Z,,,144c9623-e39b-4c47-825a-270f874a180a,RECEIVED,BEE79LD,,,,,,,,,,,,278,,,AIRBORNE
2017-03-01T22:01:51.411Z,GPRPB,DH8D,MEDIUM,EGPH,,,2017-02-28T11:48:00Z,,RECEIVED,BEE,EGAC,,2017-02-28T10:50:00Z,,,,b4488991-32bf-4183-be58-96b673a0af13,RECEIVED,BEE8BP,,,,,,,,,,,,,IFR,N0309F170 DCT MAGEE DCT BLACA,PLANNED
2017-03-01T23:53:59.005Z,GPRPB,DH8D,MEDIUM,EGAC,,,2017-03-01T18:20:00Z,,RECEIVED,BEE,EGBB,,2017-03-01T17:00:00Z,,,,f4d60517-d230-4e58-b116-a1e248245f1e,RECEIVED,BEE2FH,,,,,,,,,,,,,IFR,N0315F240 WHI DCT WAL L10 IOM DCT NELBO DCT MAGEE DCT,PLANNED
2017-03-01T22:01:56.082Z,GJEDU,DH8D,MEDIUM,EHAM,,,2017-02-28T12:48:00Z,,RECEIVED,BEE,EGTE,,2017-02-28T11:15:00Z,,,,e5dbba91-084b-4350-a8e2-1de600d30526,RECEIVED,BEE2UD,,,,,,,,,,,,,IFR,N0312F230 DCT GIBSO L620 MID M185 BPK Q295 CLN L620 REDFA,PLANNED
2017-03-01T21:04:55.083Z,,,,,,,,,DERIVED,BEE,,,,,,,4e96186d-165d-4fbc-b1bf-33dbfa2cae9a,RECEIVED,BEE852,,,,,178,52.45386,-1.74803,,2017-02-28T22:04:03Z,ESTIMATED,,,,,AIRBORNE
2017-03-01T22:01:56.862Z,,,,,,,,,DERIVED,BEE,,,,,,,b6096b15-dac3-475b-b1c9-a2a6988393db,RECEIVED,BEE7358,,,,,232,53.35374,-2.27495,,2017-02-28T22:54:01Z,ESTIMATED,,,,,AIRBORNE
2017-03-01T22:05:22.286Z,GECOC,DH8D,MEDIUM,EGPD,,,2017-02-28T11:57:00Z,,RECEIVED,BEE,EGCC,,2017-02-28T10:30:00Z,,,,a5740a6d-71f0-4222-9910-16c6ad3bd677,RECEIVED,BEE5EC,,,,,,,,,,,,,IFR,N0311F240 POL N601 GRICE/N0240F230 P600 ADN DCT,PLANNED
2017-03-01T23:27:44.454Z,GJECN,DH8D,MEDIUM,EGHI,,,2017-03-01T10:15:00Z,,RECEIVED,BEE,EGAC,,2017-03-01T08:50:00Z,,,,97646e51-e6d1-4e21-80a3-d498ef687260,RECEIVED,BEE5UM,,,,,,,,,,,,,IFR,N0321F250 DCT DUFFY L15 SOSIM UL15 KEPAD UL151 TELBA/N0261F200 L151 PEPUL,PLANNED
2017-03-01T23:24:55.118Z,,DH8D,MEDIUM,,EGNX,,2017-03-01T16:15:00Z,2017-03-01T16:15:00Z,DERIVED,BEE,,EGPF,,,2017-03-01T15:25:00Z,2017-03-01T15:25:00Z,f4baced6-eb6e-4e6a-857d-11a5c32cbf37,,,DERIVED,BE555,,,,,,,,,,256,,,SCHEDULED
2017-03-01T23:23:47.982Z,,E170,MEDIUM,,EGBB,,2017-03-01T15:05:00Z,2017-03-01T15:05:00Z,DERIVED,BEE,,LFBO,,,2017-03-01T13:30:00Z,2017-03-01T13:30:00Z,79bf36ac-5bf1-434b-9e28-7b0582ccd4fe,,,DERIVED,BE3244,,,,,,,,,,345,,,SCHEDULED
2017-03-01T23:55:34.659Z,GJEDR,DH8D,MEDIUM,EGPH,,,2017-03-01T16:44:00Z,,RECEIVED,BEE,EGBB,,2017-03-01T15:25:00Z,,,,4d3927d0-12e7-43d1-a4dc-9ec7763b4343,RECEIVED,BEE7YD,,,,,,,,,,,,,IFR,N0315F230 TNT/N0314F240 N57 POL N601 ESKDO,PLANNED
2017-03-01T23:22:58.708Z,,DH8D,MEDIUM,,EHAM,,2017-03-01T08:05:00Z,2017-03-01T08:05:00Z,DERIVED,BEE,,EGHI,,,2017-03-01T07:05:00Z,2017-03-01T07:05:00Z,c9e12fc6-73b8-4f27-b289-38c6e742c4d5,,,DERIVED,BE1011,,,,,,,,,,171,,,SCHEDULED
2017-03-01T23:55:35.142Z,GPRPI,DH8D,MEDIUM,EGNM,,,2017-03-01T16:58:00Z,,RECEIVED,BEE,EGAC,,2017-03-01T15:55:00Z,,,,9f271beb-0ac2-4a1e-9994-b4d660a92433,RECEIVED,BEE5PE,,,,,,,,,,,,,IFR,N0319F230 DCT DUFFY L15 GIGTO Q4 WAL DCT POL DCT,PLANNED
2017-03-01T23:03:03.920Z,,DH8D,MEDIUM,,EIKN,,2017-03-01T11:50:00Z,2017-03-01T11:50:00Z,DERIVED,BEE,,EGBB,,,2017-03-01T10:45:00Z,2017-03-01T10:45:00Z,75429110-a247-4bd9-a6cf-93ccdc2d22fd,,,DERIVED,BE653,,,,,,,,,,249,,,SCHEDULED
2017-03-01T23:27:46.542Z,,E190,MEDIUM,,EGCC,,2017-03-01T16:15:00Z,2017-03-01T16:15:00Z,DERIVED,BEE,,EGHI,,,2017-03-01T15:30:00Z,2017-03-01T15:30:00Z,1e395cc5-3979-4ce8-bcf4-9ee858b068b7,,,DERIVED,BE867,,,,,,,,,,198,,,SCHEDULED
2017-03-01T22:01:12.079Z,,,,EGBB,,,,,DERIVED,BEE,LFPG,,,,,,814dce63-b80a-4d87-bc61-8dd9f9fa5c8f,RECEIVED,BEE3010,,,,,,,,,,,,,,,CANCELLED
2017-03-01T23:53:25.187Z,GECOG,DH8D,MEDIUM,EGAC,,,2017-03-01T10:04:00Z,,RECEIVED,BEE,EGCC,,2017-03-01T08:55:00Z,,,,93e0164b-b75c-4e68-8903-73261ef9efce,RECEIVED,BEE5AD,,,,,,,,,,,,,IFR,N0317F200 ASMIM L975 WAL L10 IOM DCT NELBO DCT MAGEE DCT,PLANNED
2017-03-01T22:57:14.459Z,,E190,MEDIUM,,EGFF,,2017-03-01T14:55:00Z,2017-03-01T14:55:00Z,DERIVED,BEE,,EDDT,,,2017-03-01T13:05:00Z,2017-03-01T13:05:00Z,7f482346-e1d9-4d32-a52f-475a6ea50e7d,,,DERIVED,BE4552,,,,,,,,,,337,,,SCHEDULED
2017-03-01T22:52:59.847Z,GJECH,DH8D,MEDIUM,EDDV,,,2017-02-28T19:01:00Z,,RECEIVED,BEE,LIMC,,2017-02-28T17:00:00Z,,,,8ff6748d-fd3b-4e81-90b3-7633a947d153,RECEIVED,BEE4RY,,,,,,,,,,,,,IFR,N0316F240 ABESI UN851 VEDOK N851 LBU Z3 ABUMO N850 WRB WRB5R,AIRBORNE
2017-03-01T22:27:00.479Z,EIREM,AT75,,EGCC,,,2017-02-28T19:24:00Z,,RECEIVED,BEE,EGNS,,2017-02-28T18:45:00Z,,,,e3a35b22-8b23-4d1b-b4f9-36723e2de1c1,RECEIVED,BEE9WB,,,,,,,,,,,,,IFR,N0284F130 IOM,PLANNED
2017-03-01T23:53:58.297Z,GJECR,DH8D,MEDIUM,EGPD,,,2017-03-01T11:42:00Z,,RECEIVED,BEE,EGCC,,2017-03-01T10:15:00Z,,,,6cffcbf5-eeb8-4991-af5e-072743787bdd,RECEIVED,BEE5EC,,,,,,,,,,,,,IFR,N0315F240 POL N601 GRICE/N0251F210 P600 ADN DCT,PLANNED
2017-03-01T23:53:36.443Z,GECOH,DH8D,MEDIUM,EGBB,,,2017-03-01T20:26:00Z,,RECEIVED,BEE,EGPH,,2017-03-01T19:05:00Z,,,,889e3096-e057-4573-996e-f91617f42f69,RECEIVED,BEE5HL,,,,,,,,,,,,,IFR,N0320F250 TLA N864 DCS UL612 CROFT/N0313F170,PLANNED
2017-03-01T22:56:54.600Z,GPRPI,DH8D,MEDIUM,EGAC,,,2017-02-28T12:38:00Z,,RECEIVED,BEE,EGCC,,2017-02-28T11:30:00Z,,,,42b34321-f095-4a87-a397-e52f18847095,RECEIVED,BEE5AD,,,,,,,,,,,,,IFR,N0315F200 ASMIM L975 WAL L10 IOM DCT NELBO DCT MAGEE DCT,PLANNED
2017-03-01T23:53:42.901Z,GJECG,DH8D,MEDIUM,EGPF,,,2017-03-01T07:28:00Z,,RECEIVED,BEE,EGAC,,2017-03-01T06:40:00Z,,,,c2e1ed59-0051-4a4f-a862-49ace518797b,RECEIVED,BEE3ER,,,,,,,,,,,,,IFR,N0300F150 DCT MAGEE DCT BLACA,PLANNED
2017-03-01T23:28:38.377Z,GJECR,DH8D,MEDIUM,EGAC,,,2017-03-01T15:03:00Z,,RECEIVED,BEE,EGCC,,2017-03-01T13:55:00Z,,,,0d8e53ae-c661-4968-8f8f-ab7d3b3d71ae,RECEIVED,BEE8TN,,,,,,,,,,,,,IFR,N0315F200 ASMIM L975 WAL L10 IOM DCT NELBO DCT MAGEE DCT,PLANNED
2017-03-01T23:55:28.310Z,GPRPH,DH8D,MEDIUM,EGAC,,,2017-03-01T10:07:00Z,,RECEIVED,BEE,EGNX,,2017-03-01T08:45:00Z,,,,1e351c81-3f4a-4481-bd6d-f4206c751123,RECEIVED,BEE6BJ,,,,,,,,,,,,,IFR,N0317F240 TNT Q4 WAL L10 IOM DCT NELBO DCT MAGEE DCT,PLANNED
2017-03-01T23:54:01.547Z,GJECE,DH8D,MEDIUM,EGPH,,,2017-03-01T15:36:00Z,,RECEIVED,BEE,EGAC,,2017-03-01T14:40:00Z,,,,a1bf6a04-824d-4648-b658-ca268cb1d51c,RECEIVED,BEE6BL,,,,,,,,,,,,,IFR,N0310F170 DCT MAGEE DCT BLACA,PLANNED
2017-03-01T22:55:16.113Z,,DH8D,MEDIUM,,EGTE,,2017-03-01T21:25:00Z,2017-03-01T21:25:00Z,DERIVED,BEE,,EGNT,,,2017-03-01T20:25:00Z,2017-03-01T20:25:00Z,c0b9aced-c389-469f-80e9-e2b5801db74a,,,DERIVED,BE708,,,,,,,,,,266,,,SCHEDULED
2017-03-01T23:55:24.340Z,GFBEL,E190,MEDIUM,EGBB,,,2017-03-01T10:17:00Z,,RECEIVED,BEE,LFPG,,2017-03-01T08:50:00Z,,,,033ad878-81fa-42fc-92f2-43e8bdf43611,RECEIVED,BEE736A,,,,,,,,,,,,,IFR,N0366F260 OPALE UT421 KESAX UT426 DIMAL UT10 ALESO UT420 BIG/N0344F220 T420 BUZAD,PLANNED
2017-03-01T23:28:23.043Z,,DH8D,MEDIUM,,EGNX,,2017-03-01T19:50:00Z,2017-03-01T19:50:00Z,DERIVED,BEE,,EGPF,,,2017-03-01T19:00:00Z,2017-03-01T19:00:00Z,656b64c2-65a8-4684-a6f4-e33f0d1787c3,,,DERIVED,BE557,,,,,,,,,,256,,,SCHEDULED
2017-03-01T22:15:37.514Z,,DH8D,MEDIUM,,EGBB,,2017-03-01T14:30:00Z,2017-03-01T14:30:00Z,DERIVED,BEE,,EGPE,,,2017-03-01T13:20:00Z,2017-03-01T13:20:00Z,8b677a76-40c4-41b9-89d5-1e876694c13b,,,DERIVED,BE832,,,,,,,,,,271,,,SCHEDULED
2017-03-01T23:55:31.284Z,GJEDW,DH8D,MEDIUM,EGPD,,,2017-03-01T10:21:00Z,,RECEIVED,BEE,EGBB,,2017-03-01T08:40:00Z,,,,bfd39a60-c0ac-441d-92d3-a80089213f02,RECEIVED,BEE9MA,,,,,,,,,,,,,IFR,N0317F240 TNT N57 POL N601 GRICE P600 ADN DCT,PLANNED
2017-03-01T23:23:02.370Z,GECOC,DH8D,MEDIUM,EGCC,,,2017-02-28T21:15:00Z,,RECEIVED,BEE,EGAC,,2017-02-28T20:15:00Z,,,,7a91cd8d-30c2-4439-8d5c-e1cfea08adde,RECEIVED,BEE3GV,,,,,,,,,,,,,IFR,N0316F190 DCT DUFFY DCT PEPOD L15 MAKUX,PLANNED
2017-03-01T21:21:58.797Z,GFBJK,E170,MEDIUM,EGCC,,,2017-02-28T10:02:00Z,,RECEIVED,BEE,LFPG,,2017-02-28T08:40:00Z,,,,09d384af-3a8c-440d-a112-e285f147f68e,RECEIVED,BEE657L,,,,,,,,,,,,,IFR,N0390F300 ATREX UT225 VESAN/N0407F320 UL613 SANDY UN57 LAM/N0390F300 UN57 WELIN/N0317F180 T420 ELVOS/N0317F180 T420 TNT,PLANNED
2017-03-01T23:28:47.365Z,,DH8D,MEDIUM,,EGPH,,2017-03-01T10:10:00Z,2017-03-01T10:10:00Z,DERIVED,BEE,,EGHI,,,2017-03-01T08:55:00Z,2017-03-01T08:55:00Z,b37e3d30-9b30-4c66-95d4-f98355cf8723,,,DERIVED,BE761,,,,,,,,,,248,,,SCHEDULED
2017-03-01T22:32:13.518Z,,DH8D,MEDIUM,,EGNX,,2017-03-01T20:35:00Z,2017-03-01T20:35:00Z,DERIVED,BEE,,EGPH,,,2017-03-01T19:40:00Z,2017-03-01T19:40:00Z,88a11a20-84ff-4d88-a58b-c469aae8be92,,,DERIVED,BE267,,,,,,,,,,219,,,SCHEDULED
2017-03-01T23:23:21.277Z,,DH8D,MEDIUM,,EGAC,,2017-03-01T15:10:00Z,2017-03-01T15:10:00Z,DERIVED,BEE,,EGNM,,,2017-03-01T14:30:00Z,2017-03-01T14:30:00Z,0aaf5c57-fe09-402f-83b9-6d65fa64ef54,,,DERIVED,BE734,,,,,,,,,,232,,,SCHEDULED
2017-03-01T22:32:03.253Z,,DH8D,MEDIUM,,EGPH,,2017-03-01T21:25:00Z,2017-03-01T21:25:00Z,DERIVED,BEE,,EGLC,,,2017-03-01T20:15:00Z,2017-03-01T20:15:00Z,13fa1b7b-d0b8-4866-879d-6f2f2aea22ef,,,DERIVED,BE1344,,,,,,,,,,252,,,SCHEDULED
2017-03-01T23:23:19.813Z,,DH8D,MEDIUM,,EGHI,,2017-03-01T10:20:00Z,2017-03-01T10:20:00Z,DERIVED,BEE,,EHAM,,,2017-03-01T09:15:00Z,2017-03-01T09:15:00Z,a5879400-e30b-4fd6-b516-c971508a350b,,,DERIVED,BE1012,,,,,,,,,,171,,,SCHEDULED
2017-03-01T22:04:39.532Z,GFBJH,E170,MEDIUM,EGCC,,,2017-02-28T22:55:00Z,,DERIVED,BEE,EGPD,,,2017-02-28T22:03:00Z,,,144c9623-e39b-4c47-825a-270f874a180a,RECEIVED,BEE79LD,,,,,,,,,,,,278,,,COMPLETED
2017-03-01T22:32:00.858Z,,DH8D,MEDIUM,,EGBB,,2017-03-01T07:40:00Z,2017-03-01T07:40:00Z,DERIVED,BEE,,EGAC,,,2017-03-01T07:10:00Z,2017-03-01T07:10:00Z,17c52225-e8dc-4f0d-82a3-e0786436e0ba,,,DERIVED,BE401,,,,,,,,,,169,,,SCHEDULED
2017-03-01T21:10:32.922Z,GPRPL,DH8D,MEDIUM,EGLC,,,2017-02-28T14:40:00Z,,RECEIVED,BEE,EDDL,,2017-02-28T12:55:00Z,,,,dff15cb0-4ab4-442d-b599-5cc2021e138b,RECEIVED,BEE9BK,,,,,,,,,,,,,IFR,N0311F210 MODRU6J MODRU Z717 GOBNO UZ717 MAS/N0309F240 UM617 SOGRI UL608 INLOD/N0310F220 UL608 SUMUM,PLANNED
2017-03-01T22:32:01.436Z,,DH8D,MEDIUM,,EGBB,,2017-03-01T07:49:00Z,2017-03-01T07:49:00Z,DERIVED,BEE,,EGPH,,,2017-03-01T07:10:00Z,2017-03-01T07:10:00Z,cb8a9c7d-410e-4be8-85c1-1399605d9cf7,,,DERIVED,BE840,,,,,,,,,,175,,,SCHEDULED
2017-03-01T21:22:04.032Z,GJECI,DH8D,MEDIUM,EGCC,,,2017-02-28T22:45:00Z,,DERIVED,BEE,EGHI,,,2017-02-28T22:03:00Z,,,9874a3d1-14aa-4989-a1ac-dca49137ef1a,RECEIVED,BEE1MA,,,,,,,,,,,,198,,,AIRBORNE
2017-03-01T21:05:17.083Z,GFBEK,E190,MEDIUM,EGPH,,,2017-02-28T06:58:00Z,,RECEIVED,BEE,EGFF,,2017-02-28T05:45:00Z,,,,18c076da-8fad-4eb1-9c21-1724d764862b,RECEIVED,BEE58TK,,,,,,,,,,,,,IFR,N0339F230 BCN/N0346F240 N864 NITON/N0373F280 UP17 NOKIN UP16 RIBEL UN601 SHAPP/N0360F260 UN601 ABEVI/N0306F160 N601 ESKDO/N0301F150,PLANNED
2017-03-01T21:10:39.736Z,GFLBD,DH8D,MEDIUM,EGBB,,,2017-02-28T20:48:00Z,,RECEIVED,BEE,EGJJ,,2017-02-28T19:30:00Z,,,,154a4d17-3f07-4973-90b7-5d78db2081dc,RECEIVED,BEE3TD,,,,,,,,,,,,,IFR,N0312F170 ORTAC Q41 WCO/N0297F140 DCT,PLANNED
2017-03-01T23:55:17.084Z,N949BW,BE20,,,,,,,DERIVED,BEE,,,,2017-03-01T02:37:00Z,,,ddfab32a-6a05-4bbd-bf5f-72249b88984a,DERIVED,BEE850,,,,,,,,,,,,0,,,AIRBORNE
2017-03-01T23:53:28.170Z,GPRPA,DH8D,MEDIUM,EGTE,,,2017-03-01T14:41:00Z,,RECEIVED,BEE,EHAM,,2017-03-01T12:40:00Z,,,,a683416d-abef-4547-a450-3a5c17a4701e,RECEIVED,BEE7GR,,,,,,,,,,,,,IFR,N0316F240 VALKO UL980 XAMAN L980 MID L620 GIBSO DCT,PLANNED
2017-03-01T23:28:17.183Z,,DH8D,MEDIUM,,EGTE,,2017-03-01T11:40:00Z,2017-03-01T11:40:00Z,DERIVED,BEE,,EGPH,,,2017-03-01T10:25:00Z,2017-03-01T10:25:00Z,9c3288bd-e16d-4241-a142-28d6bd2fcc2a,,,DERIVED,BE210,,,,,,,,,,251,,,SCHEDULED
2017-03-01T23:53:31.268Z,GJECZ,DH8D,MEDIUM,EGHI,,,2017-03-01T18:20:00Z,,RECEIVED,BEE,EGAC,,2017-03-01T16:50:00Z,,,,7fc9b7b9-8a3e-4e15-8d24-800d6369bd19,RECEIVED,BEE6AP,,,,,,,,,,,,,IFR,N0315F250 DCT DUFFY L15 SOSIM UL15 KEPAD UL151 TELBA/N0261F200 L151 PEPUL,PLANNED
2017-03-01T22:03:10.453Z,GFLBA,DH8D,MEDIUM,EGTE,,,2017-02-28T11:51:00Z,,RECEIVED,BEE,EGJB,,2017-02-28T11:00:00Z,,,,03e3bb6c-b4a3-4bf3-a770-f408bb0f2835,RECEIVED,BEE041D,,,,,,,,,,,,,IFR,N0295F160 SKERY N862 BHD DCT,PLANNED
2017-03-01T23:04:52.906Z,,DH8D,MEDIUM,,EHAM,,2017-03-01T11:45:00Z,2017-03-01T11:45:00Z,DERIVED,BEE,,EGTE,,,2017-03-01T10:30:00Z,2017-03-01T10:30:00Z,458ca3cf-a6a0-4758-b42b-35099bb5c6fb,,,DERIVED,BE1533,,,,,,,,,,256,,,SCHEDULED
2017-03-01T21:11:35.987Z,GECOT,DH8D,MEDIUM,EGTE,,,2017-02-28T11:13:00Z,,RECEIVED,BEE,EGPF,,2017-02-28T09:40:00Z,,,,7493ab63-a6a2-405e-8ed8-543bf631a791,RECEIVED,BEE2KH,,,,,,,,,,,,,IFR,N0313F250 LUSIV L612 DCS UN864 SUBUK DCT NOKIN UN862 RETSI/N0286F160 UN862 AMRAL N862 RILES/N0305F160 L180 DIKAS N864 EXMOR DCT TIVER DCT,PLANNED
2017-03-01T23:54:25.373Z,GECOG,DH8D,MEDIUM,EGCC,,,2017-03-01T08:00:00Z,,RECEIVED,BEE,EGAC,,2017-03-01T07:00:00Z,,,,57240389-30e2-44b4-9281-baae966aa80e,RECEIVED,BEE3BT,,,,,,,,,,,,,IFR,N0315F170 DCT DUFFY DCT PEPOD/N0317F190 L15 MAKUX,PLANNED
2017-03-01T23:04:50.951Z,GPRPF,DH8D,MEDIUM,EGPH,,,2017-02-28T23:41:00Z,,RECEIVED,BEE,EGBB,,2017-02-28T22:20:00Z,,,,176834c4-bf35-44d1-ac33-06f8127105e9,RECEIVED,BEE4KR,,,,,,,,,,,,,IFR,N0316F230 TNT/N0316F240 N57 POL N601 ESKDO,PLANNED